--
-- PostgreSQL database dump
--

-- Dumped from database version 14.6
-- Dumped by pg_dump version 14.6

SET statement_timeout = 0;
SET lock_timeout = 0;
SET idle_in_transaction_session_timeout = 0;
SET client_encoding = 'UTF8';
SET standard_conforming_strings = on;
SELECT pg_catalog.set_config('search_path', '', false);
SET check_function_bodies = false;
SET xmloption = content;
SET client_min_messages = warning;
SET row_security = off;

SET default_tablespace = '';

SET default_table_access_method = heap;

--
-- Name: auth_group; Type: TABLE; Schema: public; Owner: postgres
--

CREATE TABLE public.auth_group (
    id integer NOT NULL,
    name character varying(150) NOT NULL
);


ALTER TABLE public.auth_group OWNER TO postgres;

--
-- Name: auth_group_id_seq; Type: SEQUENCE; Schema: public; Owner: postgres
--

ALTER TABLE public.auth_group ALTER COLUMN id ADD GENERATED BY DEFAULT AS IDENTITY (
    SEQUENCE NAME public.auth_group_id_seq
    START WITH 1
    INCREMENT BY 1
    NO MINVALUE
    NO MAXVALUE
    CACHE 1
);


--
-- Name: auth_group_permissions; Type: TABLE; Schema: public; Owner: postgres
--

CREATE TABLE public.auth_group_permissions (
    id bigint NOT NULL,
    group_id integer NOT NULL,
    permission_id integer NOT NULL
);


ALTER TABLE public.auth_group_permissions OWNER TO postgres;

--
-- Name: auth_group_permissions_id_seq; Type: SEQUENCE; Schema: public; Owner: postgres
--

ALTER TABLE public.auth_group_permissions ALTER COLUMN id ADD GENERATED BY DEFAULT AS IDENTITY (
    SEQUENCE NAME public.auth_group_permissions_id_seq
    START WITH 1
    INCREMENT BY 1
    NO MINVALUE
    NO MAXVALUE
    CACHE 1
);


--
-- Name: auth_permission; Type: TABLE; Schema: public; Owner: postgres
--

CREATE TABLE public.auth_permission (
    id integer NOT NULL,
    name character varying(255) NOT NULL,
    content_type_id integer NOT NULL,
    codename character varying(100) NOT NULL
);


ALTER TABLE public.auth_permission OWNER TO postgres;

--
-- Name: auth_permission_id_seq; Type: SEQUENCE; Schema: public; Owner: postgres
--

ALTER TABLE public.auth_permission ALTER COLUMN id ADD GENERATED BY DEFAULT AS IDENTITY (
    SEQUENCE NAME public.auth_permission_id_seq
    START WITH 1
    INCREMENT BY 1
    NO MINVALUE
    NO MAXVALUE
    CACHE 1
);


--
-- Name: auth_user; Type: TABLE; Schema: public; Owner: postgres
--

CREATE TABLE public.auth_user (
    id integer NOT NULL,
    password character varying(128) NOT NULL,
    last_login timestamp with time zone,
    is_superuser boolean NOT NULL,
    username character varying(150) NOT NULL,
    first_name character varying(150) NOT NULL,
    last_name character varying(150) NOT NULL,
    email character varying(254) NOT NULL,
    is_staff boolean NOT NULL,
    is_active boolean NOT NULL,
    date_joined timestamp with time zone NOT NULL
);


ALTER TABLE public.auth_user OWNER TO postgres;

--
-- Name: auth_user_groups; Type: TABLE; Schema: public; Owner: postgres
--

CREATE TABLE public.auth_user_groups (
    id bigint NOT NULL,
    user_id integer NOT NULL,
    group_id integer NOT NULL
);


ALTER TABLE public.auth_user_groups OWNER TO postgres;

--
-- Name: auth_user_groups_id_seq; Type: SEQUENCE; Schema: public; Owner: postgres
--

ALTER TABLE public.auth_user_groups ALTER COLUMN id ADD GENERATED BY DEFAULT AS IDENTITY (
    SEQUENCE NAME public.auth_user_groups_id_seq
    START WITH 1
    INCREMENT BY 1
    NO MINVALUE
    NO MAXVALUE
    CACHE 1
);


--
-- Name: auth_user_id_seq; Type: SEQUENCE; Schema: public; Owner: postgres
--

ALTER TABLE public.auth_user ALTER COLUMN id ADD GENERATED BY DEFAULT AS IDENTITY (
    SEQUENCE NAME public.auth_user_id_seq
    START WITH 1
    INCREMENT BY 1
    NO MINVALUE
    NO MAXVALUE
    CACHE 1
);


--
-- Name: auth_user_user_permissions; Type: TABLE; Schema: public; Owner: postgres
--

CREATE TABLE public.auth_user_user_permissions (
    id bigint NOT NULL,
    user_id integer NOT NULL,
    permission_id integer NOT NULL
);


ALTER TABLE public.auth_user_user_permissions OWNER TO postgres;

--
-- Name: auth_user_user_permissions_id_seq; Type: SEQUENCE; Schema: public; Owner: postgres
--

ALTER TABLE public.auth_user_user_permissions ALTER COLUMN id ADD GENERATED BY DEFAULT AS IDENTITY (
    SEQUENCE NAME public.auth_user_user_permissions_id_seq
    START WITH 1
    INCREMENT BY 1
    NO MINVALUE
    NO MAXVALUE
    CACHE 1
);


--
-- Name: django_admin_log; Type: TABLE; Schema: public; Owner: postgres
--

CREATE TABLE public.django_admin_log (
    id integer NOT NULL,
    action_time timestamp with time zone NOT NULL,
    object_id text,
    object_repr character varying(200) NOT NULL,
    action_flag smallint NOT NULL,
    change_message text NOT NULL,
    content_type_id integer,
    user_id integer NOT NULL,
    CONSTRAINT django_admin_log_action_flag_check CHECK ((action_flag >= 0))
);


ALTER TABLE public.django_admin_log OWNER TO postgres;

--
-- Name: django_admin_log_id_seq; Type: SEQUENCE; Schema: public; Owner: postgres
--

ALTER TABLE public.django_admin_log ALTER COLUMN id ADD GENERATED BY DEFAULT AS IDENTITY (
    SEQUENCE NAME public.django_admin_log_id_seq
    START WITH 1
    INCREMENT BY 1
    NO MINVALUE
    NO MAXVALUE
    CACHE 1
);


--
-- Name: django_content_type; Type: TABLE; Schema: public; Owner: postgres
--

CREATE TABLE public.django_content_type (
    id integer NOT NULL,
    app_label character varying(100) NOT NULL,
    model character varying(100) NOT NULL
);


ALTER TABLE public.django_content_type OWNER TO postgres;

--
-- Name: django_content_type_id_seq; Type: SEQUENCE; Schema: public; Owner: postgres
--

ALTER TABLE public.django_content_type ALTER COLUMN id ADD GENERATED BY DEFAULT AS IDENTITY (
    SEQUENCE NAME public.django_content_type_id_seq
    START WITH 1
    INCREMENT BY 1
    NO MINVALUE
    NO MAXVALUE
    CACHE 1
);


--
-- Name: django_migrations; Type: TABLE; Schema: public; Owner: postgres
--

CREATE TABLE public.django_migrations (
    id bigint NOT NULL,
    app character varying(255) NOT NULL,
    name character varying(255) NOT NULL,
    applied timestamp with time zone NOT NULL
);


ALTER TABLE public.django_migrations OWNER TO postgres;

--
-- Name: django_migrations_id_seq; Type: SEQUENCE; Schema: public; Owner: postgres
--

ALTER TABLE public.django_migrations ALTER COLUMN id ADD GENERATED BY DEFAULT AS IDENTITY (
    SEQUENCE NAME public.django_migrations_id_seq
    START WITH 1
    INCREMENT BY 1
    NO MINVALUE
    NO MAXVALUE
    CACHE 1
);


--
-- Name: django_session; Type: TABLE; Schema: public; Owner: postgres
--

CREATE TABLE public.django_session (
    session_key character varying(40) NOT NULL,
    session_data text NOT NULL,
    expire_date timestamp with time zone NOT NULL
);


ALTER TABLE public.django_session OWNER TO postgres;

--
-- Name: formulaire_utilisateurr_groups; Type: TABLE; Schema: public; Owner: postgres
--

CREATE TABLE public.formulaire_utilisateurr_groups (
    id bigint NOT NULL,
    formulaire_utilisateurr_id bigint NOT NULL,
    group_id integer NOT NULL
);


ALTER TABLE public.formulaire_utilisateurr_groups OWNER TO postgres;

--
-- Name: formulaire_formulaire_utilisateurr_groups_id_seq; Type: SEQUENCE; Schema: public; Owner: postgres
--

ALTER TABLE public.formulaire_utilisateurr_groups ALTER COLUMN id ADD GENERATED BY DEFAULT AS IDENTITY (
    SEQUENCE NAME public.formulaire_formulaire_utilisateurr_groups_id_seq
    START WITH 1
    INCREMENT BY 1
    NO MINVALUE
    NO MAXVALUE
    CACHE 1
);


--
-- Name: formulaire_utilisateurr; Type: TABLE; Schema: public; Owner: postgres
--

CREATE TABLE public.formulaire_utilisateurr (
    id bigint NOT NULL,
    last_login timestamp with time zone,
    is_superuser boolean NOT NULL,
    is_staff boolean NOT NULL,
    is_active boolean NOT NULL,
    date_joined timestamp with time zone NOT NULL,
    nom character varying(20) NOT NULL,
    prenom character varying(20) NOT NULL,
    sexe character varying(6) NOT NULL,
    mail character varying(254) NOT NULL,
    password character varying(100) NOT NULL,
    qualification_chercheur boolean NOT NULL,
    qualification_mentor boolean NOT NULL,
    pays character varying(50) NOT NULL,
    username character varying(30) NOT NULL,
    email character varying(254) NOT NULL,
    first_name character varying(150) NOT NULL,
    last_name character varying(150) NOT NULL
);


ALTER TABLE public.formulaire_utilisateurr OWNER TO postgres;

--
-- Name: formulaire_formulaire_utilisateurr_id_seq; Type: SEQUENCE; Schema: public; Owner: postgres
--

ALTER TABLE public.formulaire_utilisateurr ALTER COLUMN id ADD GENERATED BY DEFAULT AS IDENTITY (
    SEQUENCE NAME public.formulaire_formulaire_utilisateurr_id_seq
    START WITH 1
    INCREMENT BY 1
    NO MINVALUE
    NO MAXVALUE
    CACHE 1
);


--
-- Name: formulaire_utilisateurr_user_permissions; Type: TABLE; Schema: public; Owner: postgres
--

CREATE TABLE public.formulaire_utilisateurr_user_permissions (
    id bigint NOT NULL,
    formulaire_utilisateurr_id bigint NOT NULL,
    permission_id integer NOT NULL
);


ALTER TABLE public.formulaire_utilisateurr_user_permissions OWNER TO postgres;

--
-- Name: formulaire_formulaire_utilisateurr_user_permissions_id_seq; Type: SEQUENCE; Schema: public; Owner: postgres
--

ALTER TABLE public.formulaire_utilisateurr_user_permissions ALTER COLUMN id ADD GENERATED BY DEFAULT AS IDENTITY (
    SEQUENCE NAME public.formulaire_formulaire_utilisateurr_user_permissions_id_seq
    START WITH 1
    INCREMENT BY 1
    NO MINVALUE
    NO MAXVALUE
    CACHE 1
);


--
-- Name: formulaire_pharmaciedegarde; Type: TABLE; Schema: public; Owner: postgres
--

CREATE TABLE public.formulaire_pharmaciedegarde (
    id integer NOT NULL,
    plage character varying(100),
    pharmacie character varying(200),
    telephone1 character varying(20),
    telephone2 character varying(20),
    telephone3 character varying(20),
    localisation character varying(200)
);


ALTER TABLE public.formulaire_pharmaciedegarde OWNER TO postgres;

--
-- Name: formulaire_pharmaciedegarde_id_seq; Type: SEQUENCE; Schema: public; Owner: postgres
--

ALTER TABLE public.formulaire_pharmaciedegarde ALTER COLUMN id ADD GENERATED BY DEFAULT AS IDENTITY (
    SEQUENCE NAME public.formulaire_pharmaciedegarde_id_seq
    START WITH 1
    INCREMENT BY 1
    NO MINVALUE
    NO MAXVALUE
    CACHE 1
);


--
-- Name: formulaire_resetlink; Type: TABLE; Schema: public; Owner: postgres
--

CREATE TABLE public.formulaire_resetlink (
    id bigint NOT NULL,
    token character varying(100) NOT NULL,
    expiration_time timestamp with time zone NOT NULL,
    user_id bigint NOT NULL
);


ALTER TABLE public.formulaire_resetlink OWNER TO postgres;

--
-- Name: formulaire_resetlink_id_seq; Type: SEQUENCE; Schema: public; Owner: postgres
--

ALTER TABLE public.formulaire_resetlink ALTER COLUMN id ADD GENERATED BY DEFAULT AS IDENTITY (
    SEQUENCE NAME public.formulaire_resetlink_id_seq
    START WITH 1
    INCREMENT BY 1
    NO MINVALUE
    NO MAXVALUE
    CACHE 1
);


--
-- Data for Name: auth_group; Type: TABLE DATA; Schema: public; Owner: postgres
--

COPY public.auth_group (id, name) FROM stdin;
\.


--
-- Data for Name: auth_group_permissions; Type: TABLE DATA; Schema: public; Owner: postgres
--

COPY public.auth_group_permissions (id, group_id, permission_id) FROM stdin;
\.


--
-- Data for Name: auth_permission; Type: TABLE DATA; Schema: public; Owner: postgres
--

COPY public.auth_permission (id, name, content_type_id, codename) FROM stdin;
1	Can add log entry	1	add_logentry
2	Can change log entry	1	change_logentry
3	Can delete log entry	1	delete_logentry
4	Can view log entry	1	view_logentry
5	Can add permission	2	add_permission
6	Can change permission	2	change_permission
7	Can delete permission	2	delete_permission
8	Can view permission	2	view_permission
9	Can add group	3	add_group
10	Can change group	3	change_group
11	Can delete group	3	delete_group
12	Can view group	3	view_group
13	Can add user	4	add_user
14	Can change user	4	change_user
15	Can delete user	4	delete_user
16	Can view user	4	view_user
17	Can add content type	5	add_contenttype
18	Can change content type	5	change_contenttype
19	Can delete content type	5	delete_contenttype
20	Can view content type	5	view_contenttype
21	Can add session	6	add_session
22	Can change session	6	change_session
23	Can delete session	6	delete_session
24	Can view session	6	view_session
25	Can add reset link	7	add_resetlink
26	Can change reset link	7	change_resetlink
27	Can delete reset link	7	delete_resetlink
28	Can view reset link	7	view_resetlink
29	Can add formulaire_utilisateurr	8	add_formulaire_utilisateurr
30	Can change formulaire_utilisateurr	8	change_formulaire_utilisateurr
31	Can delete formulaire_utilisateurr	8	delete_formulaire_utilisateurr
32	Can view formulaire_utilisateurr	8	view_formulaire_utilisateurr
33	Can add pharmacie de garde	9	add_pharmaciedegarde
34	Can change pharmacie de garde	9	change_pharmaciedegarde
35	Can delete pharmacie de garde	9	delete_pharmaciedegarde
36	Can view pharmacie de garde	9	view_pharmaciedegarde
\.


--
-- Data for Name: auth_user; Type: TABLE DATA; Schema: public; Owner: postgres
--

COPY public.auth_user (id, password, last_login, is_superuser, username, first_name, last_name, email, is_staff, is_active, date_joined) FROM stdin;
1	pbkdf2_sha256$390000$gPDPFXwm13Bez5Lddotr0U$fi91+CzydzAzj6gcgeqNGmjIPhSPPs04E0pfOyaSBg0=	2023-09-24 07:40:35.222385+01	t	tamenta				t	t	2023-08-30 04:24:12.330421+01
\.


--
-- Data for Name: auth_user_groups; Type: TABLE DATA; Schema: public; Owner: postgres
--

COPY public.auth_user_groups (id, user_id, group_id) FROM stdin;
\.


--
-- Data for Name: auth_user_user_permissions; Type: TABLE DATA; Schema: public; Owner: postgres
--

COPY public.auth_user_user_permissions (id, user_id, permission_id) FROM stdin;
\.


--
-- Data for Name: django_admin_log; Type: TABLE DATA; Schema: public; Owner: postgres
--

COPY public.django_admin_log (id, action_time, object_id, object_repr, action_flag, change_message, content_type_id, user_id) FROM stdin;
1	2023-08-30 04:36:07.993214+01	1	Djeumi Gaelle	3		8	1
2	2023-09-01 08:18:26.320836+01	5	NGUIMGO Wilson	3		8	1
3	2023-09-01 08:18:26.327813+01	3	Djeumi Gaelle	3		8	1
4	2023-09-01 13:14:26.311007+01	7	TCHAMI TAMEN  Gaelle	3		8	1
5	2023-09-01 13:14:34.595853+01	6	TAGNE WAMBO Elohim	3		8	1
6	2023-09-01 13:36:26.305588+01	8	TCHAMI TAMEN  Gaelle	3		8	1
7	2023-09-01 13:47:34.299324+01	10	TCHAMI TAMEN  Gaelle	3		8	1
8	2023-09-01 13:47:34.301464+01	9	TAGNE WAMBO Elohim	3		8	1
9	2023-09-01 13:49:57.777273+01	11	TCHAMI TAMEN  Gaelle	3		8	1
10	2023-09-01 13:53:32.063135+01	12	TCHAMI TAMEN  Gaelle	3		8	1
11	2023-09-01 14:28:40.17891+01	13	TCHAMI TAMEN  Gaelle	3		8	1
12	2023-09-01 14:30:57.08288+01	14	TCHAMI TAMEN  Gaelle	3		8	1
13	2023-09-01 14:42:05.589654+01	17	NGUIMGO Wilson	3		8	1
14	2023-09-01 14:42:05.597601+01	16	TAGNE WAMBO Elohim	3		8	1
15	2023-09-01 14:42:05.598683+01	15	TCHAMI TAMEN  Gaelle	3		8	1
16	2023-09-01 14:48:20.227435+01	19	TCHAMI TAMEN  Elohim	3		8	1
17	2023-09-01 14:48:20.233414+01	18	TCHAMI TAMEN  Gaelle	3		8	1
18	2023-09-21 05:03:12.777401+01	29	NGUIMGO sorelle	3		8	1
19	2023-09-21 05:03:12.792003+01	28	NGUIMGO Wilson	3		8	1
20	2023-09-21 05:03:12.793186+01	26	NGUIMGO Wilson	3		8	1
21	2023-09-21 05:03:12.795928+01	24	tchami sorelle	3		8	1
22	2023-09-24 07:40:59.77955+01	32	tamen Wilson	3		8	1
23	2023-09-24 07:40:59.78816+01	31	TCHAMI TAMEN  Wilson	3		8	1
24	2023-09-24 07:40:59.789751+01	30	tamen sorelle	3		8	1
\.


--
-- Data for Name: django_content_type; Type: TABLE DATA; Schema: public; Owner: postgres
--

COPY public.django_content_type (id, app_label, model) FROM stdin;
1	admin	logentry
2	auth	permission
3	auth	group
4	auth	user
5	contenttypes	contenttype
6	sessions	session
7	formulaire	resetlink
8	formulaire	formulaire_utilisateurr
9	formulaire	pharmaciedegarde
\.


--
-- Data for Name: django_migrations; Type: TABLE DATA; Schema: public; Owner: postgres
--

COPY public.django_migrations (id, app, name, applied) FROM stdin;
1	contenttypes	0001_initial	2023-08-30 04:11:44.043571+01
2	auth	0001_initial	2023-08-30 04:11:44.23134+01
3	admin	0001_initial	2023-08-30 04:11:44.277875+01
4	admin	0002_logentry_remove_auto_add	2023-08-30 04:11:44.289709+01
5	admin	0003_logentry_add_action_flag_choices	2023-08-30 04:11:44.300719+01
6	contenttypes	0002_remove_content_type_name	2023-08-30 04:11:44.323803+01
7	auth	0002_alter_permission_name_max_length	2023-08-30 04:11:44.335316+01
8	auth	0003_alter_user_email_max_length	2023-08-30 04:11:44.345257+01
9	auth	0004_alter_user_username_opts	2023-08-30 04:11:44.355683+01
10	auth	0005_alter_user_last_login_null	2023-08-30 04:11:44.370341+01
11	auth	0006_require_contenttypes_0002	2023-08-30 04:11:44.375407+01
12	auth	0007_alter_validators_add_error_messages	2023-08-30 04:11:44.387101+01
13	auth	0008_alter_user_username_max_length	2023-08-30 04:11:44.40951+01
14	auth	0009_alter_user_last_name_max_length	2023-08-30 04:11:44.423353+01
15	auth	0010_alter_group_name_max_length	2023-08-30 04:11:44.435785+01
16	auth	0011_update_proxy_permissions	2023-08-30 04:11:44.445435+01
17	auth	0012_alter_user_first_name_max_length	2023-08-30 04:11:44.460006+01
18	formulaire	0001_initial	2023-08-30 04:11:44.477658+01
19	formulaire	0002_delete_utilisateur	2023-08-30 04:11:44.481981+01
20	formulaire	0003_initial	2023-08-30 04:11:44.499861+01
21	formulaire	0004_formulaire_utilisateur_delete_utilisateur	2023-08-30 04:11:44.514238+01
22	formulaire	0005_alter_formulaire_utilisateur_table	2023-08-30 04:11:44.522225+01
23	formulaire	0006_alter_formulaire_utilisateur_mail	2023-08-30 04:22:56.133543+01
24	formulaire	0007_remove_formulaire_utilisateur_sport_and_more	2023-08-30 04:22:56.157717+01
25	formulaire	0008_resetlink	2023-08-30 04:22:56.202179+01
26	formulaire	0009_alter_formulaire_utilisateur_managers_and_more	2023-08-30 04:22:56.450623+01
27	formulaire	0010_alter_formulaire_utilisateur_groups_and_more	2023-08-30 04:22:56.491709+01
28	formulaire	0011_alter_resetlink_user	2023-08-30 04:22:56.56173+01
29	formulaire	0012_alter_formulaire_utilisateur_managers_and_more	2023-08-30 04:22:56.789648+01
30	formulaire	0013_alter_formulaire_utilisateur_managers_and_more	2023-08-30 04:22:57.200805+01
31	formulaire	0014_alter_formulaire_utilisateur_username	2023-08-30 04:22:57.279034+01
32	formulaire	0015_alter_formulaire_utilisateur_username	2023-08-30 04:22:57.332372+01
33	formulaire	0016_alter_formulaire_utilisateur_username	2023-08-30 04:22:57.405015+01
34	formulaire	0017_alter_formulaire_utilisateur_username	2023-08-30 04:22:57.456299+01
35	formulaire	0018_alter_formulaire_utilisateur_username	2023-08-30 04:22:57.525748+01
36	formulaire	0019_alter_formulaire_utilisateur_managers_and_more	2023-08-30 04:22:57.719602+01
37	formulaire	0020_alter_formulaire_utilisateur_managers_and_more	2023-08-30 04:22:58.009943+01
38	formulaire	0021_alter_formulaire_utilisateur_last_login	2023-08-30 04:22:58.041822+01
39	formulaire	0022_alter_formulaire_utilisateur_username	2023-08-30 04:22:58.082673+01
40	formulaire	0023_alter_formulaire_utilisateur_username	2023-08-30 04:22:58.149207+01
41	formulaire	0024_remove_formulaire_utilisateur_email_and_more	2023-08-30 04:22:58.22004+01
42	formulaire	0025_formulaire_utilisateurr_alter_resetlink_user_and_more	2023-08-30 04:22:58.424095+01
43	formulaire	0026_alter_formulaire_utilisateurr_options_and_more	2023-08-30 04:22:58.54721+01
44	sessions	0001_initial	2023-08-30 04:22:58.584774+01
45	formulaire	0027_alter_formulaire_utilisateurr_username	2023-08-30 04:40:14.206022+01
46	formulaire	0028_pharmaciedegarde	2023-09-09 13:36:09.67116+01
47	formulaire	0029_rename_localisation_pharmaciedegarde_localisation_and_more	2023-09-09 13:53:14.752083+01
48	formulaire	0030_rename_téléphone1_pharmaciedegarde_telephone1_and_more	2023-09-09 15:27:49.137338+01
49	formulaire	0031_alter_pharmaciedegarde_table	2023-10-01 10:28:07.807543+01
\.


--
-- Data for Name: django_session; Type: TABLE DATA; Schema: public; Owner: postgres
--

COPY public.django_session (session_key, session_data, expire_date) FROM stdin;
rqkq6ny6kmcw8cqkmkzl9x1lsl2lf1tb	.eJxFyDEKwCAMAMC_ZG6Frk79iYQQacBEMDoU8e9163RwE4ZzS2K5QpyQpXlPhsoQoW8MDij4n9fGpfBeVpTyT-j0oMqdkZyEjdjP8V6BFNb6AEsVJGE:1qjBWg:wKHtylb2IWA71tHuIou3Gbc6dsZxP4IsO2Nf_0nkhAY	2023-10-05 05:42:54.723786+01
52ylm061xe94fhfhnsmktqxfgptdj0jz	.eJyrViotTi2Kz8xLy1eyqlZKyywqLonPS8xNVbJSCnH2cPT1VAhx9HX1U1DSUcpJRMi55uRnZOYCBVNzEzNzgALF-UWpOTmpJUDpPAuHdJCoXnJ-rlJtLQB1aiF-:1qgfN4:x6Y-SvqbKG7oFiLgy5Ok9Nh7lHQxwZfAG6hXIBUTEis	2023-09-28 06:58:34.457616+01
rita2k0waaz9k328xyrzrhsdx07jw2pc	.eJyrViotTi2Kz8xLy1eyqlZKyywqLonPS8xNVbJSCnH2cPT1VAhx9HX1U1DSUcpJRMi55uRnZOYCBVNzEzNzgALF-UWpOTmpJUDpPAuHdJCoXnJ-rlJtLQB1aiF-:1qgh9z:XxNw4ZELhoac84xbePRFcw7w1P7aQZzoL-CmtxJCn9E	2023-09-28 08:53:11.632616+01
j94e23i5w9oxlhbztojyh0xgkfxfr6sh	.eJyrViotTi2Kz8xLy1eyqlZKyywqLonPS8xNVbJSCnH2cPT1VAhx9HX1U1DSUcpJRMi55uRnZOYCBVNzEzNzgALF-UWpOTmpJUDpPAuHdJCoXnJ-rlJtLQB1aiF-:1qm5AU:aC0JJgfJ5ZWjEgkR_AaDPufnnhpCzTllyVSKt6YupSk	2023-10-13 05:31:58.223682+01
3ufd7hui8ne30rwy1r6qti302dfxvevb	.eJxVj8sOgjAQRX_FdG0IFBFw5SMkusCVezIdBqiWNmlhRfx322iiriY5587NzMIamKehmR3ZRrZsxxK2_mUC8EE6iPYOujcRGj1ZKaIQiT7WRbVpSR0_2b-CAdzgt0EkZb4BinmSEaQxxh0WZVZstsiTHBE7TuRnzgUveUpcYJpjWwCAiFMRSt836s6w3cI6ad3UaBjJl99O50N9Wd0OdXVd-aSCr6uUGeToIY0glQfOWFKKJq91se8D9U-N7Pl8AdqlWYQ:1qmZWt:W6xgNTfD2zAE4x0ozyH7Emf6JLcKYmygijegO6MvPsE	2023-10-14 13:57:07.912353+01
kynvdlfyerf2k9yfuzuwzls4aju0g3sm	.eJyrViotTi2Kz8xLy1eyqlZKyywqLonPS8xNVbJSCnH2cPT1VAhx9HX1U1DSUcpJRMiFZ-YU5-cBBVNzEzNzgAIlQPG84vyi1JycVFOHdJCoXnJ-rlJtLQB52iGZ:1quO1v:qY3ac4I_KSGap_dM9wA-HMr-IhZKxqoyVkvPPpWf3pA	2023-11-05 03:17:27.713008+01
\.


--
-- Data for Name: formulaire_pharmaciedegarde; Type: TABLE DATA; Schema: public; Owner: postgres
--

COPY public.formulaire_pharmaciedegarde (id, plage, pharmacie, telephone1, telephone2, telephone3, localisation) FROM stdin;
43	Jeu. 02 Nov. 2023 à 8h - Ven. 03 Nov. 2023 à 8h	JOUVENCE	222 31 72 24	\N	\N	Rond Point EXPRESS - BIYEM-ASSI
2	Sam. 04 Nov. 2023 à 8h - Lun. 06 Nov. 2023 à 8h	BASTOS	222 20 65 55	\N	\N	CARREFOUR BASTOS
4	Sam. 04 Nov. 2023 à 8h - Lun. 06 Nov. 2023 à 8h	LYRIS	681 32 45 92	\N	\N	MIMBOMAN CHAPELLE  face Feicom
8	Sam. 04 Nov. 2023 à 8h - Lun. 06 Nov. 2023 à 8h	NKONDONGO	242 00 47 60	242 11 54 07	\N	NKONDONGO ECOLE
9	Sam. 04 Nov. 2023 à 8h - Lun. 06 Nov. 2023 à 8h	MARIJOVA	699 98 86 83	\N	\N	Entre Carrefour MEEC et DOVV - Nvlle
11	Sam. 04 Nov. 2023 à 8h - Lun. 06 Nov. 2023 à 8h	SIMBA'A	222 31 48 62	656 19 41 52 /	\N	Montée JOUVENCE MENDONG
13	Sam. 04 Nov. 2023 à 8h - Lun. 06 Nov. 2023 à 8h	BETHESDA	222 31 39 97	\N	\N	TAM-TAM WEEK-END
44	Jeu. 02 Nov. 2023 à 8h - Ven. 03 Nov. 2023 à 8h	ACACIAS	699 61 96 54	\N	\N	BIYEM-ASSI CENTRE
15	Sam. 04 Nov. 2023 à 8h - Lun. 06 Nov. 2023 à 8h	TONGOLO	222 20 94 85	657 95 18 18	678 93 10 04	Carrefour CLUB YANNICK
881	Mar. 29 Août. 2023 à 8h - Mer. 30 Août. 2023 à 8h	CHATEAU DE MIMBOMAN	242 06 22 98	\N	\N	CHAPELLE D'EMOMBO
20	Jeu. 02 Nov. 2023 à 8h - Ven. 03 Nov. 2023 à 8h	FRANCAISE	222 22 14 76	677 62 08 47	664 12 16 44	Face ancienne BICIC CENTRALE
446	Lun. 02 Oct. 2023 à 8h - Mar. 03 Oct. 2023 à 8h	BIYEM-ASSI	222 31 71 93	676 11 37 86	\N	face NIKI
22	Jeu. 02 Nov. 2023 à 8h - Ven. 03 Nov. 2023 à 8h	BOTANIK	694 73 54 60	\N	\N	SHAKESPEARE MIMBOMAN I
326	Mer. 11 Oct. 2023 à 8h - Jeu. 12 Oct. 2023 à 8h	ACACIAS	699 61 96 54	\N	\N	BIYEM-ASSI CENTRE
26	Jeu. 02 Nov. 2023 à 8h - Ven. 03 Nov. 2023 à 8h	GLOIRE	691 11 59 91	683 95 31 42	\N	300m après USINE DES EAUX 
27	Jeu. 02 Nov. 2023 à 8h - Ven. 03 Nov. 2023 à 8h	QUEENS	656 77 61 78	670 37 80 09	\N	à côté TRADEX NKOLBIKOK
28	Jeu. 02 Nov. 2023 à 8h - Ven. 03 Nov. 2023 à 8h	SIMBA'A	222 31 48 62	656 19 41 52 /	\N	Montée JOUVENCE MENDONG
463	Sam. 30 Sept. 2023 à 8h - Lun 02 Oct. 2023 à 8h	ACACIAS	699 61 96 54	\N	\N	BIYEM-ASSI CENTRE
31	Jeu. 02 Nov. 2023 à 8h - Ven. 03 Nov. 2023 à 8h	NOBEL	690 30 18 18	\N	\N	Carrefour ANCIEN 6ième ETOUDI
33	Jeu. 02 Nov. 2023 à 8h - Ven. 03 Nov. 2023 à 8h	MINDILI	655 77 32 70	222 30 22 80	690.64.85.80	Carrefour de L'AMITIE - EKOUMDOUM
34	Jeu. 02 Nov. 2023 à 8h - Ven. 03 Nov. 2023 à 8h	MATURITE	655 44 91 38	672 31 10 98	\N	NEPTUNE _ ODZA
35	Jeu. 02 Nov. 2023 à 8h - Ven. 03 Nov. 2023 à 8h	XAVYO	222 23 63 40	\N	\N	MESS DES OFFICIERS
874	Mer. 30 Août. 2023 à 8h - Jeu. 31 Août. 2023 à 8h	CENTRE MESSASSI	670.36.79.82	696.22.05.82	\N	Carrefour MESSASSI
38	Jeu. 02 Nov. 2023 à 8h - Ven. 03 Nov. 2023 à 8h	SANTE	222 22 30 03 /	690 10 02 40	\N	face HÔPITAL DE LA CAISSE
39	Jeu. 02 Nov. 2023 à 8h - Ven. 03 Nov. 2023 à 8h	ATHERA	620 26 13 34	650 62 05 05	\N	TiTI GARAGE - Résidence VERTE
6	Sam. 04 Nov. 2023 à 8h - Lun. 06 Nov. 2023 à 8h	SAINTE ANNE	696 48 84 87	653 19 27 79	\N	face Polyclinique FOUDA – quartier\nFOUDA
41	Jeu. 02 Nov. 2023 à 8h - Ven. 03 Nov. 2023 à 8h	SOTOWNEK	242 67 51 15	697 95 38 86	\N	Carrefour MEEC.
42	Jeu. 02 Nov. 2023 à 8h - Ven. 03 Nov. 2023 à 8h	MANDELA	242 79 29 85	\N	\N	Face CHU
45	Jeu. 02 Nov. 2023 à 8h - Ven. 03 Nov. 2023 à 8h	OLEMBE	658 24 86 75	\N	\N	face STATION PETROLEX  OLEMBE
46	Jeu. 02 Nov. 2023 à 8h - Ven. 03 Nov. 2023 à 8h	PALAIS	691 54 16 18	\N	\N	après la STATION TOTAL ETOUDI
7	Sam. 04 Nov. 2023 à 8h - Lun. 06 Nov. 2023 à 8h	PRIORITE SANTE	671 02 52 81	656 10 94 95	\N	Brigade de Gendarmerie de
49	Jeu. 02 Nov. 2023 à 8h - Ven. 03 Nov. 2023 à 8h	EKOUMDOUM	650 85 30 31	620 02 44 92	\N	HAPPY EKOUMDOUM
10	Sam. 04 Nov. 2023 à 8h - Lun. 06 Nov. 2023 à 8h	CARREFOUR EMIA	222 23 42 07	222 23 00 86 /	\N	EMIA
51	Mar. 31 Oct. 2023 à 8h - Mer. 01 Nov. 2023 à 8h	KETCHY	222 23 90 22	\N	\N	MADAGASCAR
52	Mar. 31 Oct. 2023 à 8h - Mer. 01 Nov. 2023 à 8h	MONTESQUIEU	650 83 75 32	\N	\N	COLLEGE MONTESQUIEU - MVOG ADA
17	Sam. 04 Nov. 2023 à 8h - Lun. 06 Nov. 2023 à 8h	SAINT VICTOR ESSOMBA	672 87 87 33	\N	\N	MOSQUEE ESSOMBA
56	Mar. 31 Oct. 2023 à 8h - Mer. 01 Nov. 2023 à 8h	MOLIVA	222 23 00 82	\N	\N	MOBIL (OIL LYBIA) MADAGASCAR
57	Mar. 31 Oct. 2023 à 8h - Mer. 01 Nov. 2023 à 8h	ROYALE	222 22 32 17	242 06 11 01	\N	ELIG-EFFA
25	Jeu. 02 Nov. 2023 à 8h - Ven. 03 Nov. 2023 à 8h	NSAM EFOULAN	242 19 40 81	222 31 98 59	\N	Carrefour NSAM
3	Sam. 04 Nov. 2023 à 8h - Lun. 06 Nov. 2023 à 8h	TSINGA	699 55 01 55	\N	\N	face PMI TSINGA
29	Jeu. 02 Nov. 2023 à 8h - Ven. 03 Nov. 2023 à 8h	VOLUNTAS DEI	675 77 46 65	699 97 18 59	\N	BIYEM-ASSI LAC
32	Jeu. 02 Nov. 2023 à 8h - Ven. 03 Nov. 2023 à 8h	SAINT VICTOR ESSOMBA	672 87 87 33	\N	\N	MOSQUEE ESSOMBA
36	Jeu. 02 Nov. 2023 à 8h - Ven. 03 Nov. 2023 à 8h	GRANDE PHARMACIE DES\nLUMIERES	222 20 58 55	\N	\N	ROND-POINT NLONGKAK
47	Jeu. 02 Nov. 2023 à 8h - Ven. 03 Nov. 2023 à 8h	SANTE & VIE	682 24 74 78	\N	\N	face GP BITENG
152	Mar. 24 Oct. 2023 à 8h - Mer. 25 Oct. 2023 à 8h	K'FOUR MOTO GEORGES	242 19 28 27	698 01 05 19	\N	MOTO GEORGES
825	Sam. 02 Sept. 2023 à 8h - Lun. 04 Sept. 2023 à 8h	LAC	222 22 20 80	\N	\N	MINISTERE de l'EQUIPEMENT
987	Ven. 18 Août. 2023 à 8h - Sam. 19 Août. 2023 à 8h	MFOUNDI	222 23 78 88	\N	\N	Carrefour ELIG ESSONO
332	Mar. 10 Oct. 2023 à 8h - Mer. 11 Oct. 2023 à 8h	PETALES	222 23 15 97	\N	\N	vers LE CAPITOLE
865	Mer. 30 Août. 2023 à 8h - Jeu. 31 Août. 2023 à 8h	MARCHE	242 01 50 46	690 30 75 88	\N	MARCHE CENTRAL
798	Mar. 05 Sept. 2023 à 8h - Mer. 06 Sept. 2023 à 8h	MANGUIERS	242 06 04 09	694 02 64 61	\N	Rue DES MANGUIERS
331	Mer. 11 Oct. 2023 à 8h - Jeu. 12 Oct. 2023 à 8h	MINKAN	697 24 77 75	673 49 07 17	\N	MINKAN entrée par Carrefour TERMINUS
59	Mar. 31 Oct. 2023 à 8h - Mer. 01 Nov. 2023 à 8h	NSIMEYONG	694 01 12 46	620 26 36 89	\N	Chapelle NSIMEYONG
60	Mar. 31 Oct. 2023 à 8h - Mer. 01 Nov. 2023 à 8h	HERMES	243 64 11 81	677 98 70 76	664 46 07 46	face BOULANGERIE NEZAFI _ EMANA
628	Mer. 04 Oct. 2023 à 8h - Jeu. 05 Oct. 2023 à 8h	ACACIAS	699 61 96 54	\N	\N	BIYEM-ASSI CENTRE
555	Lun. 25 Sept. 2023 à 8h - Mar. 26 Sept. 2023 à 8h	TERANGA	698 83 22 97	\N	\N	à 100m SUPERMARCHE DOVV\nMENDONG
663	Ven. 15 Sept. 2023 à 8h - Sam. 16 Sept. 2023 à 8h	CENTRE MESSASSI	670.36.79.82	696.22.05.82	\N	Carrefour MESSASSI
879	Mar. 29 Août. 2023 à 8h - Mer. 30 Août. 2023 à 8h	BIEN ETRE 	677 33 80 28	\N	\N	ELIG ESSONO (face HÔTEL GRAND\nMOULIN)
67	Mar. 31 Oct. 2023 à 8h - Mer. 01 Nov. 2023 à 8h	COLOMBE	699 10 43 73	654 83 64 71	\N	TEXACO OMNISPORT
69	Mar. 31 Oct. 2023 à 8h - Mer. 01 Nov. 2023 à 8h	ESSELE	691 98 27 60	\N	\N	Carrefour DAMASE  face DEPÔT DE BOIS
74	Mar. 31 Oct. 2023 à 8h - Mer. 01 Nov. 2023 à 8h	BRUXELLOISE	242 17 38 63	651 30 10 53	\N	après la station TRADEX EMANA
545	Sam. 23 Sept. 2023 à 8h - Lun. 25 Sept. 2023 à 8h	MINKAN	697 24 77 75	673 49 07 17	\N	MINKAN entrée par Carrefour TERMINUS
71	Mar. 31 Oct. 2023 à 8h - Mer. 01 Nov. 2023 à 8h	7 COLLINES	222 22 65 71	\N	\N	Immeuble FEUGUIF _ MINI FERME
77	Mar. 31 Oct. 2023 à 8h - Mer. 01 Nov. 2023 à 8h	MESSAMENDONGO	693 05 53 75	650 26 51 41	\N	Carrefour MESSAMENDONGO
79	Sam. 28 Oct. 2023 à 8h - Lun. 30 Oct. 2023 à 8h	CAMEROUNAISE	\N	 242 00 11 33	\N	 CATHEDRALE YAOUNDE
73	Mar. 31 Oct. 2023 à 8h - Mer. 01 Nov. 2023 à 8h	MELEN 8	222 31 68 63	242 08 31 89	\N	Carrefour BIYEM-ASSI
81	Sam. 28 Oct. 2023 à 8h - Lun. 30 Oct. 2023 à 8h	GENEVOISE	679 69 27 80	657 83 10 64	\N	Nvlle Rte MIMBOMAN  Carrefour
82	Sam. 28 Oct. 2023 à 8h - Lun. 30 Oct. 2023 à 8h	POPULAIRE	222 23 23 41	\N	\N	A côté SUPERMARCHÉ DOVV ESSOS
78	Mar. 31 Oct. 2023 à 8h - Mer. 01 Nov. 2023 à 8h	SAINTE URIEL	693 74 14 05	652 73 22 65	\N	DERNIER POTEAU _ EKIE
84	Sam. 28 Oct. 2023 à 8h - Lun. 30 Oct. 2023 à 8h	SIFA	659 60 58 43	\N	\N	face CHAPELLE MVOG-MBI
86	Sam. 28 Oct. 2023 à 8h - Lun. 30 Oct. 2023 à 8h	JERUSALEM	222 31 01 09	698 29 47 88	\N	Carrefour TKC - ETOUG-EBE
87	Sam. 28 Oct. 2023 à 8h - Lun. 30 Oct. 2023 à 8h	UNIVERSELLE	650 71 43 82	698 18 29 08	\N	BIYEM-ASSI BISCUITERIE
89	Sam. 28 Oct. 2023 à 8h - Lun. 30 Oct. 2023 à 8h	THERIAQUE	679 68 05 11	695 76 41 15	\N	A côté SOUS-PREFECTURE
93	Sam. 28 Oct. 2023 à 8h - Lun. 30 Oct. 2023 à 8h	AUMACHA	680 82 25 57	657 65 34 20 /	\N	MIMBOMAN PETIT MARCHÉ  derriére\nSAPEUR
85	Sam. 28 Oct. 2023 à 8h - Lun. 30 Oct. 2023 à 8h	SAINT ANDRÉ CHATEAU	671 93 66 78	655 56 54 81	\N	Montée PARC _ face MATGENIE\nNKOLBIKOK PARC
97	Sam. 28 Oct. 2023 à 8h - Lun. 30 Oct. 2023 à 8h	MESSA	222 22 53 54	694 28 73 04	\N	Entrée CAMP YEYAP _ MESSA
88	Sam. 28 Oct. 2023 à 8h - Lun. 30 Oct. 2023 à 8h	BLEUE PLUS	222 21 14 92	\N	\N	face HOPITAL GENERAL
90	Sam. 28 Oct. 2023 à 8h - Lun. 30 Oct. 2023 à 8h	GOD'S GLORY PHARMACY	242 15 89 55	243 23 05 31	\N	Entrée KOWEIT CITY - ODZA
100	Sam. 28 Oct. 2023 à 8h - Lun. 30 Oct. 2023 à 8h	DIGNITE	651 53 12 83	697 68 26 88	243 07 48 07	OLEMBE _ Entrée ECOLE
101	Sam. 28 Oct. 2023 à 8h - Lun. 30 Oct. 2023 à 8h	BAYARD	670 11 54 36	\N	\N	face HÔPITAL GYNECO OBSTÉTRIQUE
91	Sam. 28 Oct. 2023 à 8h - Lun. 30 Oct. 2023 à 8h	SAINT MARTIN	222 23 18 69	\N	\N	A COTE KATIOS
103	Sam. 28 Oct. 2023 à 8h - Lun. 30 Oct. 2023 à 8h	H&L	696 61 39 74	680 93 36 62	\N	face Boulangerie Essomba
92	Sam. 28 Oct. 2023 à 8h - Lun. 30 Oct. 2023 à 8h	GRANDE PHARMACIE DES\nLUMIERES	222 20 58 55	\N	\N	ROND-POINT NLONGKAK
105	Sam. 28 Oct. 2023 à 8h - Lun. 30 Oct. 2023 à 8h	EKOUMDOUM	650 85 30 31	620 02 44 92	\N	HAPPY EKOUMDOUM
96	Sam. 28 Oct. 2023 à 8h - Lun. 30 Oct. 2023 à 8h	OYOM ABANG	699 93 11 81	673 28 49 44	\N	PLACE DU MARCHE
107	Jeu. 26 Oct. 2023 à 8h - Ven. 27 Oct. 2023 à 8h	PROVINCIALE	\N	222 20 94 93	6 96 31 65 86 /	NLONGKAK PREFECTURE
111	Jeu. 26 Oct. 2023 à 8h - Ven. 27 Oct. 2023 à 8h	MVOG ATANGANA MBALLA	\N	222 30 67 85	\N	ENTREE M. MVOG-MBI
109	Jeu. 26 Oct. 2023 à 8h - Ven. 27 Oct. 2023 à 8h	SANTE	\N	222 22 30 03 /	690 10 02 40	face HÔPITAL DE LA CAISSE
110	Jeu. 26 Oct. 2023 à 8h - Ven. 27 Oct. 2023 à 8h	ATHERA	\N	620 26 13 34	650 62 05 05	TiTI GARAGE - Résidence VERTE
112	Jeu. 26 Oct. 2023 à 8h - Ven. 27 Oct. 2023 à 8h	SOTOWNEK	\N	242 67 51 15	697 95 38 86	Carrefour MEEC.
1200	Mer. 02 Août. 2023 à 8h - Jeu. 03 Août. 2023 à 8h	MFOUNDI	222 23 78 88	\N	\N	Carrefour ELIG ESSONO
660	Ven. 15 Sept. 2023 à 8h - Sam. 16 Sept. 2023 à 8h	LAC  du	222 22 20 80	\N	\N	MINISTERE de l'EQUIPEMENT
159	Mar. 24 Oct. 2023 à 8h - Mer. 25 Oct. 2023 à 8h	OBILI CHAPELLE	222 31 81 22	694 28 56 83 /	\N	CHAPELLE OBILI
542	Sam. 23 Sept. 2023 à 8h - Lun. 25 Sept. 2023 à 8h	SAINTE ELISABETH de NKOMO	243 15 30 58	\N	\N	Carrefour NKOMO _ face BOULANGERIE\nFONTANA
785	Mer. 06 Sept. 2023 à 8h - Jeu. 07 Sept. 2023 à 8h	RELAIS DE NKOMO	653 74 33 45	655 82 72 54	\N	PAROISSE NKOAYOS
831	Sam. 02 Sept. 2023 à 8h - Lun. 04 Sept. 2023 à 8h	RELAIS DE NKOMO	653 74 33 45	655 82 72 54	\N	PAROISSE NKOAYOS
161	Mar. 24 Oct. 2023 à 8h - Mer. 25 Oct. 2023 à 8h	MANGUIERS	242 06 04 09	694 02 64 61	\N	Rue DES MANGUIERS
503	Mer. 27 Sept. 2023 à 8h - Jeu. 28 Sept. 2023 à 8	REFERENCE	242 04 25 96	652 62 36 72 /	\N	TRANSFORMATEUR NGOUSSO
627	Mer. 04 Oct. 2023 à 8h - Jeu. 05 Oct. 2023 à 8h	UNIVERSITE YAOUNDE I '	222 23 30 48	672 91 08 08	\N	Carrefour CETIC NGOA EKELE
539	Sam. 23 Sept. 2023 à 8h - Lun. 25 Sept. 2023 à 8h	BEATITUDES	242 03 75 82	677 96 21 16	\N	Carrefour LYCEE DE BIYEM - ASSI
115	Jeu. 26 Oct. 2023 à 8h - Ven. 27 Oct. 2023 à 8h	ELITE	\N	222 31 65 25	670 12 67 26	Carrefour GP – MVOG-BETSI
116	Jeu. 26 Oct. 2023 à 8h - Ven. 27 Oct. 2023 à 8h	OLEMBE	\N	658 24 86 75	\N	face STATION PETROLEX  OLEMBE
117	Jeu. 26 Oct. 2023 à 8h - Ven. 27 Oct. 2023 à 8h	PALAIS	\N	691 54 16 18	\N	après la STATION TOTAL ETOUDI
118	Jeu. 26 Oct. 2023 à 8h - Ven. 27 Oct. 2023 à 8h	EKOUNOU	\N	222 30 67 78	\N	LABOGENIE EKOUNOU
119	Jeu. 26 Oct. 2023 à 8h - Ven. 27 Oct. 2023 à 8h	MESSAMENDONGO	\N	693 05 53 75	650 26 51 41	Carrefour MESSAMENDONGO
595	Mar. 19 Sept. 2023 à 8h - Mer. 20 Sept. 2023 à 8h	REFERENCE	242 04 25 96	652 62 36 72 /	\N	TRANSFORMATEUR NGOUSSO
127	Ven. 27 Oct. 2023 à 8h - Sam. 28 Oct. 2023 à 8h	OLEZOA	222 23 93 37	\N	\N	MOBIL OLEZOA
128	Ven. 27 Oct. 2023 à 8h - Sam. 28 Oct. 2023 à 8h	MARIJOVA	699 98 86 83	\N	\N	Entre Carrefour MEEC et DOVV - Nvlle\nroute NKOLBISSONG
150	Mer. 25 Oct. 2023 à 8h - Jeu. 26 Oct. 2023 à 8h	FOI	656 49 68 11	681 52 63 19	\N	PETIT MARCHE D'ODZA
131	Ven. 27 Oct. 2023 à 8h - Sam. 28 Oct. 2023 à 8h	PRINCIPALE	222 31 49 08	\N	\N	Entrée IRIC - Carrefour OBILI
132	Ven. 27 Oct. 2023 à 8h - Sam. 28 Oct. 2023 à 8h	CANA	222 20 97 51	\N	\N	Carrefour JAMOT
133	Ven. 27 Oct. 2023 à 8h - Sam. 28 Oct. 2023 à 8h	TONGOLO	222 20 94 85	657 95 18 18	678 93 10 04	Carrefour CLUB YANNICK
135	Ven. 27 Oct. 2023 à 8h - Sam. 28 Oct. 2023 à 8h	MINDILI	655 77 32 70	222 30 22 80	690.64.85.80	Carrefour de L'AMITIE - EKOUMDOUM
136	Ven. 27 Oct. 2023 à 8h - Sam. 28 Oct. 2023 à 8h	MATURITE	655 44 91 38	672 31 10 98	\N	NEPTUNE _ ODZA
138	Mer. 25 Oct. 2023 à 8h - Jeu. 26 Oct. 2023 à 8h	ELOBI	222 20 41 37	658 18 37 18	\N	MOKOLO ELOBI
139	Mer. 25 Oct. 2023 à 8h - Jeu. 26 Oct. 2023 à 8h	ISIS	222 23 35 78	\N	\N	EMOMBO
142	Mer. 25 Oct. 2023 à 8h - Jeu. 26 Oct. 2023 à 8h	CODEX	242 07 59 88	\N	\N	AHALA 1  Entrée PHARMACAM
143	Mer. 25 Oct. 2023 à 8h - Jeu. 26 Oct. 2023 à 8h	GLOIRE	691 11 59 91	683 95 31 42	\N	300m après USINE DES EAUX 
120	Jeu. 26 Oct. 2023 à 8h - Ven. 27 Oct. 2023 à 8h	SAINTE URIEL	\N	693 74 14 05	652 73 22 65	DERNIER POTEAU _ EKIE
146	Mer. 25 Oct. 2023 à 8h - Jeu. 26 Oct. 2023 à 8h	BETHESDA	222 31 39 97	\N	\N	TAM-TAM WEEK-END
691	Mer. 13 Sept. 2023 à 8h - Jeu. 14 Sept. 2023 à 8h	TERANGA	698 83 22 97	\N	\N	à 100m SUPERMARCHE DOVV
148	Mer. 25 Oct. 2023 à 8h - Jeu. 26 Oct. 2023 à 8h	NOBEL	690 30 18 18	\N	\N	Carrefour ANCIEN 6ième ETOUDI
149	Mer. 25 Oct. 2023 à 8h - Jeu. 26 Oct. 2023 à 8h	H&L	696 61 39 74	680 93 36 62	\N	face Boulangerie Essomba
153	Mar. 24 Oct. 2023 à 8h - Mer. 25 Oct. 2023 à 8h	MVOG-ADA	222 22 43 25	\N	\N	Carrefour. BOUT- CARRE MVOG-ADA
154	Mar. 24 Oct. 2023 à 8h - Mer. 25 Oct. 2023 à 8h	COLOMBE	699 10 43 73	654 83 64 71	\N	TEXACO OMNISPORT
156	Mar. 24 Oct. 2023 à 8h - Mer. 25 Oct. 2023 à 8h	EFOULAN	242 06 74 26	\N	\N	à côté PALAIS CHARLES ATANGANA\n(EFOULAN)
500	Mer. 27 Sept. 2023 à 8h - Jeu. 28 Sept. 2023 à 8	TSINGA	699 55 01 55	\N	\N	face PMI TSINGA
561	Ven. 22 Sept. 2023 à 8h - Sam. 23 Sept. 2023 à 8h	MOISSON	222 23 16 19	\N	\N	POSTE CENTRALE
160	Mar. 24 Oct. 2023 à 8h - Mer. 25 Oct. 2023 à 8h	BRUXELLOISE	242 17 38 63	651 30 10 53	\N	après la station TRADEX EMANA
151	Mar. 24 Oct. 2023 à 8h - Mer. 25 Oct. 2023 à 8h	MFOUNDI	222 23 78 88	\N	\N	Carrefour ELIG ESSONO
416	Mar. 03 Oct. 2023 à 8h - Mer. 04 Oct. 2023 à 8h	ETOILE	222 31 49 62	696 49 42 51	671 28 06 98	Montée MAISONS BLANCHES
546	Lun. 25 Sept. 2023 à 8h - Mar. 26 Sept. 2023 à 8h	INTENDANCE 	222 22 46 94	\N	\N	Carrefour INTENDANCE
165	Sam. 21 Oct. 2023 à 8h - Lun. 23 Oct. 2023 à 8h	URBAINE	222 23 49 11	697 55 15 56	\N	Montée ANE ROUGE - HÔTEL ROYAL
736	Sam. 09 Sept. 2023 à 8h - Lun. 11 Sept. 2023 à 8h	ETOILE 	222 31 49 62	696 49 42 51	\N	Montée MAISONS BLANCHES
167	Sam. 21 Oct. 2023 à 8h - Lun. 23 Oct. 2023 à 8h	KETCHY	222 23 90 22	\N	\N	MADAGASCAR
169	Sam. 21 Oct. 2023 à 8h - Lun. 23 Oct. 2023 à 8h	POPULAIRE	222 23 23 41	\N	\N	A côté SUPERMARCHÉ DOVV ESSOS
125	Ven. 27 Oct. 2023 à 8h - Sam. 28 Oct. 2023 à 8h	SAINTE ANNE	696 48 84 87	653 19 27 79	\N	face Polyclinique FOUDA – quartier
126	Ven. 27 Oct. 2023 à 8h - Sam. 28 Oct. 2023 à 8h	PRIORITE SANTE	671 02 52 81	656 10 94 95	\N	Brigade de Gendarmerie de\nNKOLMESSENG
129	Ven. 27 Oct. 2023 à 8h - Sam. 28 Oct. 2023 à 8h	SAINTE BERNADETTE	691 30 34 90	650 68 49 78	\N	CRADAT
999	Ven. 18 Août. 2023 à 8h - Sam. 19 Août. 2023 à 8h	ODZA 	691 86 77 72	\N	\N	Carrefour MBOG-ABANG
145	Mer. 25 Oct. 2023 à 8h - Jeu. 26 Oct. 2023 à 8h	GET BETTER	655 33 16 36 /	\N	\N	Carrefour du CENTRE DES HANDICAPES
1123	Mar. 08 Août. 2023 à 8h - Mer. 09 Août. 2023 à 8h	INTENDANCE 	222 22 46 94	\N	\N	Carrefour INTENDANCE
492	Ven. 29 Sept. 2023 à 8h - Sam. 30 Sept. 2023 à 8h	VIE 	222 22 67 87	\N	\N	face FOKOU MOKOLO
162	Mar. 24 Oct. 2023 à 8h - Mer. 25 Oct. 2023 à 8h	SANTE & VIE	682 24 74 78	\N	\N	face GP BITENG
725	Lun. 11 Sept. 2023 à 8h - Mar. 12 Sept. 2023 à 8h	MINKAN	697 24 77 75	673 49 07 17	\N	MINKAN entrée par Carrefour TERMINUS\nODZA
173	Sam. 21 Oct. 2023 à 8h - Lun. 23 Oct. 2023 à 8h	MANDELA	242 79 29 85	\N	\N	Face CHU
174	Sam. 21 Oct. 2023 à 8h - Lun. 23 Oct. 2023 à 8h	SIMBA'A	222 31 48 62	656 19 41 52 /	\N	Montée JOUVENCE MENDONG
226	Jeu. 19 Oct. 2023 à 8h - Ven. 20 Oct. 2023 à 8h	FOI	656 49 68 11	681 52 63 19	\N	PETIT MARCHE D'ODZA
177	Sam. 21 Oct. 2023 à 8h - Lun. 23 Oct. 2023 à 8h	SAINTE GABRIELLE	692 26 38 93	\N	\N	NYOM 1 - au Pont DJONASSI
982	Sam. 19 Août. 2023 à 8h - Lun. 21 Août. 2023 à 8h	MANGUIERS	242 06 04 09	694 02 64 61	\N	Rue DES MANGUIERS
180	Sam. 21 Oct. 2023 à 8h - Lun. 23 Oct. 2023 à 8h	THERIAQUE	679 68 05 11	695 76 41 15	\N	A côté SOUS-PREFECTURE\nNKONDENGUI
181	Sam. 21 Oct. 2023 à 8h - Lun. 23 Oct. 2023 à 8h	MINDILI	655 77 32 70	222 30 22 80	690.64.85.80	Carrefour de L'AMITIE - EKOUMDOUM
182	Sam. 21 Oct. 2023 à 8h - Lun. 23 Oct. 2023 à 8h	MATURITE	655 44 91 38	672 31 10 98	\N	NEPTUNE _ ODZA
228	Mar. 17 Oct. 2023 à 8h - Mer. 18 Oct. 2023 à 8h	JOURDAIN	676 88 95 25	\N	\N	à côté de l’Immeuble MACABO -NKOMKANA
1161	Sam. 05 Août. 2023 à 8h - lun. 07 Août. 2023 à 8h	JOUVENCE	222 31 72 24	\N	\N	Rond Point EXPRESS - BIYEM-ASSI
185	Lun. 23 Oct. 2023 à 8h - Mar. 24 Oct. 2023 à 8h	LYRIS	681 32 45 92	\N	\N	MIMBOMAN CHAPELLE  face Feicom
1152	Sam. 05 Août. 2023 à 8h - lun. 07 Août. 2023 à 8h	MOISSON	222 23 16 19	\N	\N	POSTE CENTRALE
900	Lun. 28 Août. 2023 à 8h - Mar. 29 Août. 2023 à 8h	CYPRES	242 06 47 59	\N	\N	1ier Carrefour NKOLBISSON
188	Lun. 23 Oct. 2023 à 8h - Mar. 24 Oct. 2023 à 8h	NKONDONGO	242 00 47 60	242 11 54 07	\N	NKONDONGO ECOLE
189	Lun. 23 Oct. 2023 à 8h - Mar. 24 Oct. 2023 à 8h	MOLIVA	222 23 00 82	\N	\N	MOBIL (OIL LYBIA) MADAGASCAR
192	Lun. 23 Oct. 2023 à 8h - Mar. 24 Oct. 2023 à 8h	HERMES	243 64 11 81	677 98 70 76	664 46 07 46	face BOULANGERIE NEZAFI _ EMANA
163	Mar. 24 Oct. 2023 à 8h - Mer. 25 Oct. 2023 à 8h	GOD'S GLORY PHARMACY	242 15 89 55	243 23 05 31	\N	Entrée KOWEIT CITY - ODZA
164	Mar. 24 Oct. 2023 à 8h - Mer. 25 Oct. 2023 à 8h	BETHEL PHARMACY	222 30 07 41	\N	\N	EKIE _ BOULANGERIE MERLOT
197	Ven. 20 Oct. 2023 à 8h - Sam. 21 Oct. 2023 à 8h	SION	222 22 20 21	\N	\N	TEXACO MARCHE CENTRAL
198	Ven. 20 Oct. 2023 à 8h - Sam. 21 Oct. 2023 à 8h	ALLIANCE	222 21 88 54	693 78 75 35	\N	ECOLE PUBLIQUE DE BASTOS
199	Ven. 20 Oct. 2023 à 8h - Sam. 21 Oct. 2023 à 8h	BOTANIK	694 73 54 60	\N	\N	SHAKESPEARE MIMBOMAN I
204	Ven. 20 Oct. 2023 à 8h - Sam. 21 Oct. 2023 à 8h	QUEENS	656 77 61 78	670 37 80 09	\N	à côté TRADEX NKOLBIKOK
408	Mar. 03 Oct. 2023 à 8h - Mer. 04 Oct. 2023 à 8h	VERSET	222 20 95 07	\N	\N	DERRIERE CINEMA REX
208	Ven. 20 Oct. 2023 à 8h - Sam. 21 Oct. 2023 à 8h	BAYARD	670 11 54 36	\N	\N	face HÔPITAL GYNECO OBSTÉTRIQUE
210	Ven. 20 Oct. 2023 à 8h - Sam. 21 Oct. 2023 à 8h	MESSAMENDONGO	693 05 53 75	650 26 51 41	\N	Carrefour MESSAMENDONGO
801	Mar. 05 Sept. 2023 à 8h - Mer. 06 Sept. 2023 à 8h	MINKAN	697 24 77 75	673 49 07 17	\N	MINKAN entrée par Carrefour TERMINUS\nODZA
178	Sam. 21 Oct. 2023 à 8h - Lun. 23 Oct. 2023 à 8h	BLEUE PLUS	222 21 14 92	\N	\N	face HOPITAL GENERAL
213	Jeu. 19 Oct. 2023 à 8h - Ven. 20 Oct. 2023 à 8h	EMMANUEL	222 20 02 44	\N	\N	MONTEE ECOLE DE POLICE
910	Sam. 26 Août. 2023 à 8h - Lun. 28 Août. 2023 à 8h	VERSET	222 20 95 07	\N	\N	DERRIERE CINEMA REX
218	Jeu. 19 Oct. 2023 à 8h - Ven. 20 Oct. 2023 à 8h	ESSELE	691 98 27 60	\N	\N	Carrefour DAMASE  face DEPÔT DE BOIS
219	Jeu. 19 Oct. 2023 à 8h - Ven. 20 Oct. 2023 à 8h	MARIJOVA	699 98 86 83	\N	\N	Entre Carrefour MEEC et DOVV - Nvlle\nroute NKOLBISSONG
225	Jeu. 19 Oct. 2023 à 8h - Ven. 20 Oct. 2023 à 8h	PERSEVERANCE	243 84 41 35	243 84 67 75	\N	AWAE ESCALIER
222	Jeu. 19 Oct. 2023 à 8h - Ven. 20 Oct. 2023 à 8h	NSIMEYONG	694 01 12 46	620 26 36 89	\N	Chapelle NSIMEYONG
223	Jeu. 19 Oct. 2023 à 8h - Ven. 20 Oct. 2023 à 8h	CANA	222 20 97 51	\N	\N	Carrefour JAMOT
224	Jeu. 19 Oct. 2023 à 8h - Ven. 20 Oct. 2023 à 8h	TONGOLO	222 20 94 85	657 95 18 18	678 93 10 04	Carrefour CLUB YANNICK
227	Mar. 17 Oct. 2023 à 8h - Mer. 18 Oct. 2023 à 8h	FRANCAISE	222 22 14 76	677 62 08 47	664 12 16 44	Face ancienne BICIC CENTRALE
940	Jeu. 24 Août. 2023 à 8h - Ven. 25 Août. 2023 à 8h	INTENDANCE 	222 22 46 94	\N	\N	Carrefour INTENDANCE
190	Lun. 23 Oct. 2023 à 8h - Mar. 24 Oct. 2023 à 8h	CARREFOUR EMIA	222 23 42 07	222 23 00 86 /	\N	EMIA
732	Sam. 09 Sept. 2023 à 8h - Lun. 11 Sept. 2023 à 8h	CAPUCINES	242 66 63 05	\N	\N	SIANTOU SUPERIEUR
795	Mar. 05 Sept. 2023 à 8h - Mer. 06 Sept. 2023 à 8h	UNIVERSITE YAOUNDE I 	222 23 30 48	672 91 08 08	\N	Carrefour CETIC NGOA EKELE
562	Ven. 22 Sept. 2023 à 8h - Sam. 23 Sept. 2023 à 8h	ECOLE de POLICE	222 03 63 25	699 97 68 79 /	\N	ECOLE DE POLICE
134	Ven. 27 Oct. 2023 à 8h - Sam. 28 Oct. 2023 à 8h	SAINTE ELISABETH de NKOMO	243 15 30 58	\N	\N	Carrefour NKOMO _ face BOULANGERIE\nFONTANA
166	Sam. 21 Oct. 2023 à 8h - Lun. 23 Oct. 2023 à 8h	ECOLE de POLICE	222 03 63 25	699 97 68 79 /	\N	ECOLE DE POLICE
65	Mar. 31 Oct. 2023 à 8h - Mer. 01 Nov. 2023 à 8h	ECOLE de POLICE	222 03 63 25	699 97 68 79 /	\N	ECOLE DE POLICE
394	Jeu. 05 Oct. 2023 à 8h - Ven. 06 Oct. 2023 à 8h	ECOLE de POLICE	222 03 63 25	699 97 68 79 /	\N	ECOLE DE POLICE
229	Mar. 17 Oct. 2023 à 8h - Mer. 18 Oct. 2023 à 8h	GENEVOISE	679 69 27 80	657 83 10 64	\N	Nvlle Rte MIMBOMAN  Carrefour
309	Ven. 13 Oct. 2023 à 8h - Sam. 14 Oct. 2023 à 8h	BLED	674 43 15 22	\N	\N	Carrefour CARAMBA - NKOLBISSON
962	Mer. 23 Août. 2023 à 8h - Jeu. 24 Août. 2023 à 8h	UNIVERSITE YAOUNDE I 	222 23 30 48	672 91 08 08	\N	Carrefour CETIC NGOA EKELE
232	Mar. 17 Oct. 2023 à 8h - Mer. 18 Oct. 2023 à 8h	SIFA	659 60 58 43	\N	\N	face CHAPELLE MVOG-MBI
233	Mar. 17 Oct. 2023 à 8h - Mer. 18 Oct. 2023 à 8h	GLOIRE	691 11 59 91	683 95 31 42	\N	300m après USINE DES EAUX 
1191	Jeu. 03 Août. 2023 à 8h - Ven. 04 Août. 2023 à 8h	CYPRES	242 06 47 59	\N	\N	1ier Carrefour NKOLBISSON
194	Lun. 23 Oct. 2023 à 8h - Mar. 24 Oct. 2023 à 8h	SAINT VICTOR ESSOMBA	672 87 87 33	\N	\N	MOSQUEE ESSOMBA
237	Mar. 17 Oct. 2023 à 8h - Mer. 18 Oct. 2023 à 8h	NOBEL	690 30 18 18	\N	\N	Carrefour ANCIEN 6ième ETOUDI
202	Ven. 20 Oct. 2023 à 8h - Sam. 21 Oct. 2023 à 8h	NSAM EFOULAN	242 19 40 81	222 31 98 59	\N	Carrefour NSAM
281	Sam. 14 Oct. 2023 à 8h - Lun. 16 Oct. 2023 à 8h	GRACE	242 04 15 61	\N	\N	MENDONG - Quincaillerie de la PAIX
276	Sam. 14 Oct. 2023 à 8h - Lun. 16 Oct. 2023 à 8h	ROSEE	242 15 60 16	\N	\N	Carrefour TRADEX ELEVEURS
241	Mer. 18 Oct. 2023 à 8h - Jeu. 19 Oct. 2023 à 8h	XAVYO	222 23 63 40	\N	\N	MESS DES OFFICIERS
242	Mer. 18 Oct. 2023 à 8h - Jeu. 19 Oct. 2023 à 8h	PROVINCIALE	222 20 94 93	6 96 31 65 86 /	\N	NLONGKAK PREFECTURE
243	Mer. 18 Oct. 2023 à 8h - Jeu. 19 Oct. 2023 à 8h	MONTESQUIEU	650 83 75 32	\N	\N	COLLEGE MONTESQUIEU - MVOG ADA
244	Mer. 18 Oct. 2023 à 8h - Jeu. 19 Oct. 2023 à 8h	SANTE	222 22 30 03 /	690 10 02 40	\N	face HÔPITAL DE LA CAISSE
245	Mer. 18 Oct. 2023 à 8h - Jeu. 19 Oct. 2023 à 8h	ATHERA	620 26 13 34	650 62 05 05	\N	TiTI GARAGE - Résidence VERTE
203	Ven. 20 Oct. 2023 à 8h - Sam. 21 Oct. 2023 à 8h	OYOM ABANG	699 93 11 81	673 28 49 44	\N	PLACE DU MARCHE
247	Mer. 18 Oct. 2023 à 8h - Jeu. 19 Oct. 2023 à 8h	SOTOWNEK	242 67 51 15	697 95 38 86	\N	Carrefour MEEC.
248	Mer. 18 Oct. 2023 à 8h - Jeu. 19 Oct. 2023 à 8h	ROYALE	222 22 32 17	242 06 11 01	\N	ELIG-EFFA
249	Mer. 18 Oct. 2023 à 8h - Jeu. 19 Oct. 2023 à 8h	JERUSALEM	222 31 01 09	698 29 47 88	\N	Carrefour TKC - ETOUG-EBE
250	Mer. 18 Oct. 2023 à 8h - Jeu. 19 Oct. 2023 à 8h	UNIVERSELLE	650 71 43 82	698 18 29 08	\N	BIYEM-ASSI BISCUITERIE
251	Mer. 18 Oct. 2023 à 8h - Jeu. 19 Oct. 2023 à 8h	OLEMBE	658 24 86 75	\N	\N	face STATION PETROLEX  OLEMBE
252	Mer. 18 Oct. 2023 à 8h - Jeu. 19 Oct. 2023 à 8h	PALAIS	691 54 16 18	\N	\N	après la STATION TOTAL ETOUDI
253	Mer. 18 Oct. 2023 à 8h - Jeu. 19 Oct. 2023 à 8h	THERIAQUE	679 68 05 11	695 76 41 15	\N	A côté SOUS-PREFECTURE
257	Lun. 16 Oct. 2023 à 8h - Mar. 17 Oct. 2023 à 8h	BASTOS	222 20 65 55	\N	\N	CARREF.BASTOS
258	Lun. 16 Oct. 2023 à 8h - Mar. 17 Oct. 2023 à 8h	AUMACHA	680 82 25 57	657 65 34 20 /	\N	MIMBOMAN PETIT MARCHÉ  derriére
259	Lun. 16 Oct. 2023 à 8h - Mar. 17 Oct. 2023 à 8h	COLOMBE	699 10 43 73	654 83 64 71	\N	TEXACO OMNISPORT
261	Lun. 16 Oct. 2023 à 8h - Mar. 17 Oct. 2023 à 8h	TROPICANA	673 22 71 44	\N	\N	entrée OFFICE DU BAC _ MVAN
263	Lun. 16 Oct. 2023 à 8h - Mar. 17 Oct. 2023 à 8h	MESSA	222 22 53 54	694 28 73 04	\N	Entrée CAMP YEYAP _ MESSA
265	Lun. 16 Oct. 2023 à 8h - Mar. 17 Oct. 2023 à 8h	PRINCIPALE	222 31 49 08	\N	\N	Entrée IRIC - Carrefour OBILI
266	Lun. 16 Oct. 2023 à 8h - Mar. 17 Oct. 2023 à 8h	BRUXELLOISE	242 17 38 63	651 30 10 53	\N	après la station TRADEX EMANA
268	Lun. 16 Oct. 2023 à 8h - Mar. 17 Oct. 2023 à 8h	EKOUNOU	222 30 67 78	\N	\N	LABOGENIE EKOUNOU
270	Lun. 16 Oct. 2023 à 8h - Mar. 17 Oct. 2023 à 8h	EKOUMDOUM	650 85 30 31	620 02 44 92	\N	HAPPY EKOUMDOUM
285	Sam. 14 Oct. 2023 à 8h - Lun. 16 Oct. 2023 à 8h	PERSEVERANCE	243 84 41 35	243 84 67 75	\N	AWAE ESCALIER
1105	Jeu. 10 Août. 2023 à 8h - Ven. 11 Août. 2023 à 8h	SAINTE ELISABETH de NKOMO	243 15 30 58	\N	\N	Carrefour NKOMO _ face BOULANGERIE\nFONTANA
277	Sam. 14 Oct. 2023 à 8h - Lun. 16 Oct. 2023 à 8h	OLEZOA	222 23 93 37	\N	\N	MOBIL OLEZOA
278	Sam. 14 Oct. 2023 à 8h - Lun. 16 Oct. 2023 à 8h	MOLIVA	222 23 00 82	\N	\N	MOBIL (OIL LYBIA) MADAGASCAR
284	Sam. 14 Oct. 2023 à 8h - Lun. 16 Oct. 2023 à 8h	ETOUDI	242 03 50 51	\N	\N	Face FOKOU ETOUDI
1101	Jeu. 10 Août. 2023 à 8h - Ven. 11 Août. 2023 à 8h	ETOILE 	222 31 49 62	696 49 42 51	671 28 06 98	Montée MAISONS BLANCHES
283	Sam. 14 Oct. 2023 à 8h - Lun. 16 Oct. 2023 à 8h	HERMES	243 64 11 81	677 98 70 76	664 46 07 46	face BOULANGERIE NEZAFI _ EMANA
239	Mar. 17 Oct. 2023 à 8h - Mer. 18 Oct. 2023 à 8h	ODZA	691 86 77 72	\N	\N	Carrefour MBOG-ABANG
818	Sam. 02 Sept. 2023 à 8h - Lun. 04 Sept. 2023 à 8h	ECOLE de POLICE	222 03 63 25	699 97 68 79 /	\N	ECOLE DE POLICE
262	Lun. 16 Oct. 2023 à 8h - Mar. 17 Oct. 2023 à 8h	CYPRES	242 06 47 59	\N	\N	1ier Carrefour NKOLBISSON
264	Lun. 16 Oct. 2023 à 8h - Mar. 17 Oct. 2023 à 8h	JOUVENCE	222 31 72 24	\N	\N	Rond Point EXPRESS - BIYEM-ASSI
267	Lun. 16 Oct. 2023 à 8h - Mar. 17 Oct. 2023 à 8h	MANGUIERS	242 06 04 09	694 02 64 61	\N	Rue DES MANGUIERS
760	Jeu. 07 Sept. 2023 à 8h - Ven. 08 Sept. 2023 à 8h	MOISSON	222 23 16 19	\N	\N	POSTE CENTRALE
273	Sam. 14 Oct. 2023 à 8h - Lun. 16 Oct. 2023 à 8h	GOLF	692 33 47 46	\N	\N	Carrefour GOLF
274	Sam. 14 Oct. 2023 à 8h - Lun. 16 Oct. 2023 à 8h	BALANCE	222 23 70 74	\N	\N	CARREF.ANGUISSA
280	Sam. 14 Oct. 2023 à 8h - Lun. 16 Oct. 2023 à 8h	BIYEM-ASSI	222 31 71 93	676 11 37 86	\N	face NIKI
206	Ven. 20 Oct. 2023 à 8h - Sam. 21 Oct. 2023 à 8h	MELEN 8	222 31 68 63	242 08 31 89	\N	Carrefour BIYEM-ASSI
211	Ven. 20 Oct. 2023 à 8h - Sam. 21 Oct. 2023 à 8h	SAINTE URIEL	693 74 14 05	652 73 22 65	\N	DERNIER POTEAU _ EKIE
287	Sam. 14 Oct. 2023 à 8h - Lun. 16 Oct. 2023 à 8h	MESSAMENDONGO	693 05 53 75	650 26 51 41	\N	Carrefour MESSAMENDONGO
291	Jeu. 12 Oct. 2023 à 8h - Ven. 13 Oct. 2023 à 8h	ISIS	222 23 35 78	\N	\N	EMOMBO
294	Jeu. 12 Oct. 2023 à 8h - Ven. 13 Oct. 2023 à 8h	CODEX	242 07 59 88	\N	\N	AHALA 1  Entrée PHARMACAM
299	Jeu. 12 Oct. 2023 à 8h - Ven. 13 Oct. 2023 à 8h	BAYARD	670 11 54 36	\N	\N	face HÔPITAL GYNECO OBSTÉTRIQUE
179	Sam. 21 Oct. 2023 à 8h - Lun. 23 Oct. 2023 à 8h	SAINTE ELISABETH de NKOMO	243 15 30 58	\N	\N	Carrefour NKOMO _ face BOULANGERIE\nFONTANA
303	Ven. 13 Oct. 2023 à 8h - Sam. 14 Oct. 2023 à 8h	CAMEROUNAISE	242 00 11 33	\N	\N	CATHEDRALE YAOUNDE
381	Ven. 06 Oct. 2023 à 8h - Sam. 07 Oct. 2023 à 8h	CHATEAU DE MIMBOMAN	242 06 22 98	\N	\N	CHAPELLE D'EMOMBO
559	Lun. 25 Sept. 2023 à 8h - Mar. 26 Sept. 2023 à 8h	SAINTE ELISABETH de NKOMO	243 15 30 58	\N	\N	Carrefour NKOMO _ face BOULANGERIE\nFONTANA
306	Ven. 13 Oct. 2023 à 8h - Sam. 14 Oct. 2023 à 8h	POPULAIRE	222 23 23 41	\N	\N	A côté SUPERMARCHÉ DOVV ESSOS
288	Sam. 14 Oct. 2023 à 8h - Lun. 16 Oct. 2023 à 8h	SAINTE URIEL	693 74 14 05	652 73 22 65	\N	DERNIER POTEAU _ EKIE
312	Ven. 13 Oct. 2023 à 8h - Sam. 14 Oct. 2023 à 8h	BETHESDA	222 31 39 97	\N	\N	TAM-TAM WEEK-END
313	Ven. 13 Oct. 2023 à 8h - Sam. 14 Oct. 2023 à 8h	DIGNITE	651 53 12 83	697 68 26 88	243 07 48 07	OLEMBE _ Entrée ECOLE
315	Ven. 13 Oct. 2023 à 8h - Sam. 14 Oct. 2023 à 8h	H&L	696 61 39 74	680 93 36 62	\N	face Boulangerie Essomba
319	Mer. 11 Oct. 2023 à 8h - Jeu. 12 Oct. 2023 à 8h	MVOG-ADA	222 22 43 25	\N	\N	Carrefour. BOUT- CARRE MVOG-ADA
668	Jeu. 14 Sept. 2023 à 8h - Ven. 15 Sept. 2023 à 8h	BIEN ETRE	677 33 80 28	\N	\N	ELIG ESSONO (face HÔTEL GRAND
582	Jeu. 21 Sept. 2023 à 8h - Ven. 22 Sept. 2023 à 8h	CYPRES	242 06 47 59	\N	\N	1ier Carrefour NKOLBISSON
407	Mar. 03 Oct. 2023 à 8h - Mer. 04 Oct. 2023 à 8h	MARCHE	242 01 50 46	690 30 75 88	\N	MARCHE CENTRAL
323	Mer. 11 Oct. 2023 à 8h - Jeu. 12 Oct. 2023 à 8h	EFOULAN	242 06 74 26	\N	\N	à côté PALAIS CHARLES ATANGANA
324	Mer. 11 Oct. 2023 à 8h - Jeu. 12 Oct. 2023 à 8h	MARIJOVA	699 98 86 83	\N	\N	Entre Carrefour MEEC et DOVV - Nvlle\nroute NKOLBISSONG
712	Lun. 11 Sept. 2023 à 8h - Mar. 12 Sept. 2023 à 8h	SOLEIL	222 22 14 23	\N	\N	CINEMA ABBIA
327	Mer. 11 Oct. 2023 à 8h - Jeu. 12 Oct. 2023 à 8h	CANA	222 20 97 51	\N	\N	Carrefour JAMOT
328	Mer. 11 Oct. 2023 à 8h - Jeu. 12 Oct. 2023 à 8h	TONGOLO	222 20 94 85	657 95 18 18	678 93 10 04	Carrefour CLUB YANNICK
1076	Sam. 12 Août. 2023 à 8h - Lun. 14 Août. 2023 à 8h	ODZA 	691 86 77 72	\N	\N	Carrefour MBOG-ABANG
216	Jeu. 19 Oct. 2023 à 8h - Ven. 20 Oct. 2023 à 8h	SAINTE ANNE	696 48 84 87	653 19 27 79	\N	face Polyclinique FOUDA – quartier
544	Sam. 23 Sept. 2023 à 8h - Lun. 25 Sept. 2023 à 8h	ODZA 	691 86 77 72	\N	\N	Carrefour MBOG-ABANG
334	Mar. 10 Oct. 2023 à 8h - Mer. 11 Oct. 2023 à 8h	LYRIS	681 32 45 92	\N	\N	MIMBOMAN CHAPELLE  face Feicom
335	Mar. 10 Oct. 2023 à 8h - Mer. 11 Oct. 2023 à 8h	SANTE	222 22 30 03 /	690 10 02 40	\N	face HÔPITAL DE LA CAISSE
336	Mar. 10 Oct. 2023 à 8h - Mer. 11 Oct. 2023 à 8h	ATHERA	620 26 13 34	650 62 05 05	\N	TiTI GARAGE - Résidence VERTE
337	Mar. 10 Oct. 2023 à 8h - Mer. 11 Oct. 2023 à 8h	NKONDONGO	242 00 47 60	242 11 54 07	\N	NKONDONGO ECOLE
338	Mar. 10 Oct. 2023 à 8h - Mer. 11 Oct. 2023 à 8h	SOTOWNEK	242 67 51 15	697 95 38 86	\N	Carrefour MEEC.
342	Mar. 10 Oct. 2023 à 8h - Mer. 11 Oct. 2023 à 8h	OLEMBE	658 24 86 75	\N	\N	face STATION PETROLEX  OLEMBE
343	Mar. 10 Oct. 2023 à 8h - Mer. 11 Oct. 2023 à 8h	PALAIS	691 54 16 18	\N	\N	après la STATION TOTAL ETOUDI
217	Jeu. 19 Oct. 2023 à 8h - Ven. 20 Oct. 2023 à 8h	PRIORITE SANTE	671 02 52 81	656 10 94 95	\N	Brigade de Gendarmerie de\nNKOLMESSENG
220	Jeu. 19 Oct. 2023 à 8h - Ven. 20 Oct. 2023 à 8h	7 COLLINES	222 22 65 71	\N	\N	Immeuble FEUGUIF _
286	Sam. 14 Oct. 2023 à 8h - Lun. 16 Oct. 2023 à 8h	SAINT VICTOR ESSOMBA	672 87 87 33	\N	\N	MOSQUEE ESSOMBA
289	Jeu. 12 Oct. 2023 à 8h - Ven. 13 Oct. 2023 à 8h	SAINT MARTIN	222 23 18 69	\N	\N	A COTE KATIOS
290	Jeu. 12 Oct. 2023 à 8h - Ven. 13 Oct. 2023 à 8h	GRANDE PHARMACIE DES\nLUMIERES	222 20 58 55	\N	\N	ROND-POINT NLONGKAK
295	Jeu. 12 Oct. 2023 à 8h - Ven. 13 Oct. 2023 à 8h	OYOM ABANG	699 93 11 81	673 28 49 44	\N	PLACE DU MARCHE
809	Lun. 04 Sept. 2023 à 8h - Mar. 05 Sept. 2023 à 8h	VIE 	222 22 67 87	\N	\N	face FOKOU MOKOLO
346	Mar. 10 Oct. 2023 à 8h - Mer. 11 Oct. 2023 à 8h	EKOUMDOUM	650 85 30 31	620 02 44 92	\N	HAPPY EKOUMDOUM
363	Sam. 07 Oct. 2023 à 8h - Lun. 09 Oct. 2023 à 8h	FOI	656 49 68 11	681 52 63 19	\N	PETIT MARCHE D'ODZA
348	Sam. 07 Oct. 2023 à 8h - Lun. 09 Oct. 2023 à 8h	PROVINCIALE	222 20 94 93	6 96 31 65 86 /	\N	NLONGKAK PREFECTURE
349	Sam. 07 Oct. 2023 à 8h - Lun. 09 Oct. 2023 à 8h	ELOBI	222 20 41 37	658 18 37 18	\N	MOKOLO ELOBI
350	Sam. 07 Oct. 2023 à 8h - Lun. 09 Oct. 2023 à 8h	BOTANIK	694 73 54 60	\N	\N	SHAKESPEARE MIMBOMAN I
351	Sam. 07 Oct. 2023 à 8h - Lun. 09 Oct. 2023 à 8h	COLOMBE	699 10 43 73	654 83 64 71	\N	TEXACO OMNISPORT
344	Mar. 10 Oct. 2023 à 8h - Mer. 11 Oct. 2023 à 8h	RELAIS DE NKOMO	653 74 33 45	655 82 72 54	\N	PAROISSE NKOAYOS
905	Lun. 28 Août. 2023 à 8h - Mar. 29 Août. 2023 à 8h	MANGUIERS	242 06 04 09	694 02 64 61	\N	Rue DES MANGUIERS
1089	Ven. 11 Août. 2023 à 8h - Sam. 12 Août. 2023 à 8h	MANGUIERS	242 06 04 09	694 02 64 61	\N	Rue DES MANGUIERS
355	Sam. 07 Oct. 2023 à 8h - Lun. 09 Oct. 2023 à 8h	QUEENS	656 77 61 78	670 37 80 09	\N	à côté TRADEX NKOLBIKOK
953	Jeu. 24 Août. 2023 à 8h - Ven. 25 Août. 2023 à 8h	MINKAN	697 24 77 75	673 49 07 17	\N	MINKAN entrée par Carrefour TERMINUS\nODZA
580	Jeu. 21 Sept. 2023 à 8h - Ven. 22 Sept. 2023 à 8h	LYCEE BILINGUE	222 22 98 37	242 72 22 03	\N	Carrefour HÔTEL DU PLATEAU
358	Sam. 07 Oct. 2023 à 8h - Lun. 09 Oct. 2023 à 8h	NSIMEYONG	694 01 12 46	620 26 36 89	\N	Chapelle NSIMEYONG
359	Sam. 07 Oct. 2023 à 8h - Lun. 09 Oct. 2023 à 8h	BRUXELLOISE	242 17 38 63	651 30 10 53	\N	après la station TRADEX EMANA
898	Lun. 28 Août. 2023 à 8h - Mar. 29 Août. 2023 à 8h	LYCEE BILINGUE	222 22 98 37	242 72 22 03	\N	Carrefour HÔTEL DU PLATEAU
361	Sam. 07 Oct. 2023 à 8h - Lun. 09 Oct. 2023 à 8h	EKOUNOU	222 30 67 78	\N	\N	LABOGENIE EKOUNOU
365	Lun. 09 Oct. 2023 à 8h - Mar. 10 Oct. 2023 à 8h	ALLIANCE	222 21 88 54	693 78 75 35	\N	ECOLE PUBLIQUE DE BASTOS
847	Ven. 01 Sept. 2023 à 8h - Sam. 02 Sept. 2023 à 8h	SAINTE ELISABETH de NKOMO	243 15 30 58	\N	\N	Carrefour NKOMO _ face BOULANGERIE
370	Lun. 09 Oct. 2023 à 8h - Mar. 10 Oct. 2023 à 8h	GLOIRE	691 11 59 91	683 95 31 42	\N	300m après USINE DES EAUX 
371	Lun. 09 Oct. 2023 à 8h - Mar. 10 Oct. 2023 à 8h	MANDELA	242 79 29 85	\N	\N	Face CHU
375	Lun. 09 Oct. 2023 à 8h - Mar. 10 Oct. 2023 à 8h	NOBEL	690 30 18 18	\N	\N	Carrefour ANCIEN 6ième ETOUDI
377	Lun. 09 Oct. 2023 à 8h - Mar. 10 Oct. 2023 à 8h	MINDILI	655 77 32 70	222 30 22 80	690.64.85.80	Carrefour de L'AMITIE - EKOUMDOUM
378	Lun. 09 Oct. 2023 à 8h - Mar. 10 Oct. 2023 à 8h	MATURITE	655 44 91 38	672 31 10 98	\N	NEPTUNE _ ODZA
380	Ven. 06 Oct. 2023 à 8h - Sam. 07 Oct. 2023 à 8h	EMMANUEL	222 20 02 44	\N	\N	MONTEE ECOLE DE POLICE
384	Ven. 06 Oct. 2023 à 8h - Sam. 07 Oct. 2023 à 8h	ESSELE	691 98 27 60	\N	\N	Carrefour DAMASE  face DEPÔT DE BOIS
385	Ven. 06 Oct. 2023 à 8h - Sam. 07 Oct. 2023 à 8h	MOLIVA	222 23 00 82	\N	\N	MOBIL (OIL LYBIA) MADAGASCAR
387	Ven. 06 Oct. 2023 à 8h - Sam. 07 Oct. 2023 à 8h	UNIVERSELLE	650 71 43 82	698 18 29 08	\N	BIYEM-ASSI BISCUITERIE
390	Ven. 06 Oct. 2023 à 8h - Sam. 07 Oct. 2023 à 8h	THERIAQUE	679 68 05 11	695 76 41 15	\N	A côté SOUS-PREFECTURE\nNKONDENGUI
529	Sam. 23 Sept. 2023 à 8h - Lun. 25 Sept. 2023 à 8h	PETALES	222 23 15 97	\N	\N	vers LE CAPITOLE
393	Jeu. 05 Oct. 2023 à 8h - Ven. 06 Oct. 2023 à 8h	URBAINE	222 23 49 11	697 55 15 56	\N	Montée ANE ROUGE - HÔTEL ROYAL
395	Jeu. 05 Oct. 2023 à 8h - Ven. 06 Oct. 2023 à 8h	MONTESQUIEU	650 83 75 32	\N	\N	COLLEGE MONTESQUIEU - MVOG ADA
396	Jeu. 05 Oct. 2023 à 8h - Ven. 06 Oct. 2023 à 8h	POPULAIRE	222 23 23 41	\N	\N	A côté SUPERMARCHÉ DOVV ESSOS
941	Jeu. 24 Août. 2023 à 8h - Ven. 25 Août. 2023 à 8h	TSINGA	699 55 01 55	\N	\N	face PMI TSINGA
383	Ven. 06 Oct. 2023 à 8h - Sam. 07 Oct. 2023 à 8h	ROSEE	242 15 60 16	\N	\N	Carrefour TRADEX ELEVEURS
400	Jeu. 05 Oct. 2023 à 8h - Ven. 06 Oct. 2023 à 8h	ROYALE	222 22 32 17	242 06 11 01	\N	ELIG-EFFA
1187	Jeu. 03 Août. 2023 à 8h - Ven. 04 Août. 2023 à 8h	CHATEAU DE MIMBOMAN	242 06 22 98	\N	\N	CHAPELLE D'EMOMBO
376	Lun. 09 Oct. 2023 à 8h - Mar. 10 Oct. 2023 à 8h	PERSEVERANCE	243 84 41 35	243 84 67 75	\N	AWAE ESCALIER
246	Mer. 18 Oct. 2023 à 8h - Jeu. 19 Oct. 2023 à 8h	CAPUCINES	242 66 63 05	\N	\N	SIANTOU SUPERIEUR
304	Ven. 13 Oct. 2023 à 8h - Sam. 14 Oct. 2023 à 8h	TSINGA	699 55 01 55	\N	\N	face PMI TSINGA
1048	Lun. 14 Août. 2023 à 8h - Mar. 15 Août. 2023 à 8h	TSINGA	699 55 01 55	\N	\N	face PMI TSINGA
398	Jeu. 05 Oct. 2023 à 8h - Ven. 06 Oct. 2023 à 8h	CAPUCINES	242 66 63 05	\N	\N	SIANTOU SUPERIEUR
389	Ven. 06 Oct. 2023 à 8h - Sam. 07 Oct. 2023 à 8h	ETOUDI'	242 03 50 51	\N	\N	Face FOKOU ETOUDI
234	Mar. 17 Oct. 2023 à 8h - Mer. 18 Oct. 2023 à 8h	SAINT ANDRÉ CHATEAU	671 93 66 78	655 56 54 81	\N	Montée PARC _ face MATGENIE\nNKOLBIKOK PARC
275	Sam. 14 Oct. 2023 à 8h - Lun. 16 Oct. 2023 à 8h	CITE QUEBEC	691 43 50 45	\N	\N	TITI GARAGE - A COTE DU QUEBEC
402	Jeu. 05 Oct. 2023 à 8h - Ven. 06 Oct. 2023 à 8h	DIGNITE	651 53 12 83	697 68 26 88	243 07 48 07	OLEMBE _ Entrée ECOLE
724	Lun. 11 Sept. 2023 à 8h - Mar. 12 Sept. 2023 à 8h	ODZA 	691 86 77 72	\N	\N	Carrefour MBOG-ABANG
1065	Sam. 12 Août. 2023 à 8h - Lun. 14 Août. 2023 à 8h	ELIG-EDZOA 	677 71 81 27	\N	\N	face CASSE ELIG EDZOA
1173	Ven. 04 Août. 2023 à 8h - Sam. 05 Août. 2023 à 8h	ELIG-EDZOA 	677 71 81 27	\N	\N	face CASSE ELIG EDZOA
369	Lun. 09 Oct. 2023 à 8h - Mar. 10 Oct. 2023 à 8h	AHALA 	690 80 93 02	682 93 60 72	\N	Barrière AHALA
409	Mar. 03 Oct. 2023 à 8h - Mer. 04 Oct. 2023 à 8h	AUMACHA	680 82 25 57	657 65 34 20 /	\N	MIMBOMAN PETIT MARCHÉ  derriére
413	Mar. 03 Oct. 2023 à 8h - Mer. 04 Oct. 2023 à 8h	TROPICANA	673 22 71 44	\N	\N	entrée OFFICE DU BAC _ MVAN
414	Mar. 03 Oct. 2023 à 8h - Mer. 04 Oct. 2023 à 8h	MARIJOVA	699 98 86 83	\N	\N	Entre Carrefour MEEC et DOVV - Nvlle\nroute NKOLBISSONG
415	Mar. 03 Oct. 2023 à 8h - Mer. 04 Oct. 2023 à 8h	MESSA	222 22 53 54	694 28 73 04	\N	Entrée CAMP YEYAP _ MESSA
433	Mer. 04 Oct. 2023 à 8h - Jeu. 05 Oct. 2023 à 8h	EMANA	222 21 42 94	\N	\N	à côté du Supermarché Noblesse - EMANA
417	Mar. 03 Oct. 2023 à 8h - Mer. 04 Oct. 2023 à 8h	ELITE	222 31 65 25	670 12 67 26	\N	Carrefour GP – MVOG-BETSI
418	Mar. 03 Oct. 2023 à 8h - Mer. 04 Oct. 2023 à 8h	CANA	222 20 97 51	\N	\N	Carrefour JAMOT
419	Mar. 03 Oct. 2023 à 8h - Mer. 04 Oct. 2023 à 8h	TONGOLO	222 20 94 85	657 95 18 18	678 93 10 04	Carrefour CLUB YANNICK
420	Mar. 03 Oct. 2023 à 8h - Mer. 04 Oct. 2023 à 8h	H&L	696 61 39 74	680 93 36 62	\N	face Boulangerie Essomba
421	Mar. 03 Oct. 2023 à 8h - Mer. 04 Oct. 2023 à 8h	MINDILI	655 77 32 70	222 30 22 80	690.64.85.80	Carrefour de L'AMITIE - EKOUMDOUM
422	Mar. 03 Oct. 2023 à 8h - Mer. 04 Oct. 2023 à 8h	MATURITE	655 44 91 38	672 31 10 98	\N	NEPTUNE _ ODZA
423	Mer. 04 Oct. 2023 à 8h - Jeu. 05 Oct. 2023 à 8h	SION	222 22 20 21	\N	\N	TEXACO MARCHE CENTRAL
424	Mer. 04 Oct. 2023 à 8h - Jeu. 05 Oct. 2023 à 8h	KETCHY	222 23 90 22	\N	\N	MADAGASCAR
425	Mer. 04 Oct. 2023 à 8h - Jeu. 05 Oct. 2023 à 8h	GENEVOISE	679 69 27 80	657 83 10 64	\N	Nvlle Rte MIMBOMAN  Carrefour\nMVOG-ENYEGUE
935	Ven. 25 Août. 2023 à 8h - Sam. 26 Août. 2023 à 8h	EMANA	222 21 42 94	\N	\N	à côté du Supermarché Noblesse - EMANA
428	Mer. 04 Oct. 2023 à 8h - Jeu. 05 Oct. 2023 à 8h	SIFA	659 60 58 43	\N	\N	face CHAPELLE MVOG-MBI
432	Mer. 04 Oct. 2023 à 8h - Jeu. 05 Oct. 2023 à 8h	PRINCIPALE	222 31 49 08	\N	\N	Entrée IRIC - Carrefour OBILI
434	Mer. 04 Oct. 2023 à 8h - Jeu. 05 Oct. 2023 à 8h	BAYARD	670 11 54 36	\N	\N	face HÔPITAL GYNECO OBSTÉTRIQUE
435	Mer. 04 Oct. 2023 à 8h - Jeu. 05 Oct. 2023 à 8h	EKOUNOU	222 30 67 78	\N	\N	LABOGENIE EKOUNOU
1189	Jeu. 03 Août. 2023 à 8h - Ven. 04 Août. 2023 à 8h	LYCEE BILINGUE	222 22 98 37	242 72 22 03	\N	Carrefour HÔTEL DU PLATEAU
437	Mer. 04 Oct. 2023 à 8h - Jeu. 05 Oct. 2023 à 8h	EKOUMDOUM	650 85 30 31	620 02 44 92	\N	HAPPY EKOUMDOUM
438	Lun. 02 Oct. 2023 à 8h - Mar. 03 Oct. 2023 à 8h	XAVYO	222 23 63 40	\N	\N	MESS DES OFFICIERS
254	Mer. 18 Oct. 2023 à 8h - Jeu. 19 Oct. 2023 à 8h	GOD'S GLORY PHARMACY	242 15 89 55	243 23 05 31	\N	Entrée KOWEIT CITY - ODZA
441	Lun. 02 Oct. 2023 à 8h - Mar. 03 Oct. 2023 à 8h	SANTE	222 22 30 03 /	690 10 02 40	\N	face HÔPITAL DE LA CAISSE
442	Lun. 02 Oct. 2023 à 8h - Mar. 03 Oct. 2023 à 8h	ATHERA	620 26 13 34	650 62 05 05	\N	TiTI GARAGE - Résidence VERTE
443	Lun. 02 Oct. 2023 à 8h - Mar. 03 Oct. 2023 à 8h	OLEZOA	222 23 93 37	\N	\N	MOBIL OLEZOA
444	Lun. 02 Oct. 2023 à 8h - Mar. 03 Oct. 2023 à 8h	SOTOWNEK	242 67 51 15	697 95 38 86	\N	Carrefour MEEC.
255	Mer. 18 Oct. 2023 à 8h - Jeu. 19 Oct. 2023 à 8h	BETHEL PHARMACY	222 30 07 41	\N	\N	EKIE _ BOULANGERIE MERLOT
447	Lun. 02 Oct. 2023 à 8h - Mar. 03 Oct. 2023 à 8h	BETHESDA	222 31 39 97	\N	\N	TAM-TAM WEEK-END
448	Lun. 02 Oct. 2023 à 8h - Mar. 03 Oct. 2023 à 8h	OLEMBE	658 24 86 75	\N	\N	face STATION PETROLEX  OLEMBE
449	Lun. 02 Oct. 2023 à 8h - Mar. 03 Oct. 2023 à 8h	PALAIS	691 54 16 18	\N	\N	après la STATION TOTAL ETOUDI
451	Lun. 02 Oct. 2023 à 8h - Mar. 03 Oct. 2023 à 8h	MESSAMENDONGO	693 05 53 75	650 26 51 41	\N	Carrefour MESSAMENDONGO
279	Sam. 14 Oct. 2023 à 8h - Lun. 16 Oct. 2023 à 8h	SAINTE BERNADETTE	691 30 34 90	650 68 49 78	\N	CRADAT
888	Mar. 29 Août. 2023 à 8h - Mer. 30 Août. 2023 à 8h	BETHESDA	222 31 39 97	\N	\N	TAM-TAM WEEK-END
889	Mar. 29 Août. 2023 à 8h - Mer. 30 Août. 2023 à 8h	BRUXELLOISE	242 17 38 63	651 30 10 53	\N	après la station TRADEX EMANA
440	Lun. 02 Oct. 2023 à 8h - Mar. 03 Oct. 2023 à 8h	BALANCE	222 23 70 74	\N	\N	CARREF.ANGUISSA
282	Sam. 14 Oct. 2023 à 8h - Lun. 16 Oct. 2023 à 8h	MELEN 8	222 31 68 63	242 08 31 89	\N	Carrefour BIYEM-ASSI
260	Lun. 16 Oct. 2023 à 8h - Mar. 17 Oct. 2023 à 8h	LYCEE BILINGUE	222 22 98 37	242 72 22 03	\N	Carrefour HÔTEL DU PLATEAU
269	Lun. 16 Oct. 2023 à 8h - Mar. 17 Oct. 2023 à 8h	CYGNE ODZA	657 35 88 25	222 30 13 76	\N	face TOTAL BORNE 10 - ODZA
890	Mar. 29 Août. 2023 à 8h - Mer. 30 Août. 2023 à 8h	NOBEL	690 30 18 18	\N	\N	Carrefour ANCIEN 6ième ETOUDI
684	Mer. 13 Sept. 2023 à 8h - Jeu. 14 Sept. 2023 à 8h	HORTENSIA	243 60 79 84	698 64 80 95	\N	POLYCLINIQUE TSINGA
1077	Sam. 12 Août. 2023 à 8h - Lun. 14 Août. 2023 à 8h	MINKAN	697 24 77 75	673 49 07 17	\N	MINKAN entrée par Carrefour TERMINUS
893	Mar. 29 Août. 2023 à 8h - Mer. 30 Août. 2023 à 8h	EKOUMDOUM	650 85 30 31	620 02 44 92	\N	HAPPY EKOUMDOUM
894	Lun. 28 Août. 2023 à 8h - Mar. 29 Août. 2023 à 8h	FRANCAISE	222 22 14 76	677 62 08 47	664 12 16 44	Face ancienne BICIC CENTRALE
895	Lun. 28 Août. 2023 à 8h - Mar. 29 Août. 2023 à 8h	EMMANUEL	222 20 02 44	\N	\N	MONTEE ECOLE DE POLICE
896	Lun. 28 Août. 2023 à 8h - Mar. 29 Août. 2023 à 8h	MONTESQUIEU	650 83 75 32	\N	\N	COLLEGE MONTESQUIEU - MVOG ADA
897	Lun. 28 Août. 2023 à 8h - Mar. 29 Août. 2023 à 8h	COLOMBE	699 10 43 73	654 83 64 71	\N	TEXACO OMNISPORT
925	Sam. 26 Août. 2023 à 8h - Lun. 28 Août. 2023 à 8h	FOI	656 49 68 11	681 52 63 19	\N	PETIT MARCHE D'ODZA
901	Lun. 28 Août. 2023 à 8h - Mar. 29 Août. 2023 à 8h	ROYALE	222 22 32 17	242 06 11 01	\N	ELIG-EFFA
902	Lun. 28 Août. 2023 à 8h - Mar. 29 Août. 2023 à 8h	SIMBA'A	222 31 48 62	656 19 41 52 /	\N	Montée JOUVENCE MENDONG
903	Lun. 28 Août. 2023 à 8h - Mar. 29 Août. 2023 à 8h	ELITE	222 31 65 25	670 12 67 26	\N	Carrefour GP – MVOG-BETSI
904	Lun. 28 Août. 2023 à 8h - Mar. 29 Août. 2023 à 8h	HERMES	243 64 11 81	677 98 70 76	664 46 07 46	face BOULANGERIE NEZAFI _ EMANA
706	Mar. 12 Sept. 2023 à 8h - Mer. 13 Sept. 2023 à 8h	BEATITUDES	242 03 75 82	677 96 21 16	\N	Carrefour LYCEE DE BIYEM - ASSI
574	Ven. 22 Sept. 2023 à 8h - Sam. 23 Sept. 2023 à 8h	CYGNE ODZA	657 35 88 25	222 30 13 76	\N	face TOTAL BORNE 10 - ODZA
907	Lun. 28 Août. 2023 à 8h - Mar. 29 Août. 2023 à 8h	MINDILI	655 77 32 70	222 30 22 80	690.64.85.80	Carrefour de L'AMITIE - EKOUMDOUM
908	Lun. 28 Août. 2023 à 8h - Mar. 29 Août. 2023 à 8h	MATURITE	655 44 91 38	672 31 10 98	\N	NEPTUNE _ ODZA
909	Sam. 26 Août. 2023 à 8h - Lun. 28 Août. 2023 à 8h	CAMEROUNAISE	242 00 11 33	\N	\N	CATHEDRALE YAOUNDE
912	Sam. 26 Août. 2023 à 8h - Lun. 28 Août. 2023 à 8h	GENEVOISE	679 69 27 80	657 83 10 64	\N	Nvlle Rte MIMBOMAN  Carrefour\nMVOG-ENYEGUE
915	Sam. 26 Août. 2023 à 8h - Lun. 28 Août. 2023 à 8h	SIFA	659 60 58 43	\N	\N	face CHAPELLE MVOG-MBI
916	Sam. 26 Août. 2023 à 8h - Lun. 28 Août. 2023 à 8h	MOLIVA	222 23 00 82	\N	\N	MOBIL (OIL LYBIA) MADAGASCAR
815	Lun. 04 Sept. 2023 à 8h - Mar. 05 Sept. 2023 à 8h	CYGNE ODZA	657 35 88 25	222 30 13 76	\N	face TOTAL BORNE 10 - ODZA
923	Sam. 26 Août. 2023 à 8h - Lun. 28 Août. 2023 à 8h	EKOUNOU	222 30 67 78	\N	\N	LABOGENIE EKOUNOU
927	Ven. 25 Août. 2023 à 8h - Sam. 26 Août. 2023 à 8h	BASTOS	222 20 65 55	\N	\N	CARREF.BASTOS
928	Ven. 25 Août. 2023 à 8h - Sam. 26 Août. 2023 à 8h	AUMACHA	680 82 25 57	657 65 34 20 /	\N	MIMBOMAN PETIT MARCHÉ  derriére
929	Ven. 25 Août. 2023 à 8h - Sam. 26 Août. 2023 à 8h	POPULAIRE	222 23 23 41	\N	\N	A côté SUPERMARCHÉ DOVV ESSOS
866	Mer. 30 Août. 2023 à 8h - Jeu. 31 Août. 2023 à 8h	HORTENSIA 	243 60 79 84	698 64 80 95	\N	POLYCLINIQUE TSINGA
931	Ven. 25 Août. 2023 à 8h - Sam. 26 Août. 2023 à 8h	TROPICANA	673 22 71 44	\N	\N	entrée OFFICE DU BAC _ MVAN
914	Sam. 26 Août. 2023 à 8h - Lun. 28 Août. 2023 à 8h	ROSEE	242 15 60 16	\N	\N	Carrefour TRADEX ELEVEURS
933	Ven. 25 Août. 2023 à 8h - Sam. 26 Août. 2023 à 8h	MESSA	222 22 53 54	694 28 73 04	\N	Entrée CAMP YEYAP _ MESSA
685	Mer. 13 Sept. 2023 à 8h - Jeu. 14 Sept. 2023 à 8h	MEMORIAL	674 09 23 87	222 30 05 81	\N	Carrefour Iptec à Nkolndongo
922	Sam. 26 Août. 2023 à 8h - Lun. 28 Août. 2023 à 8h	ETOUDI	242 03 50 51	\N	\N	Face FOKOU ETOUDI
983	Sam. 19 Août. 2023 à 8h - Lun. 21 Août. 2023 à 8h	SAINTE ELISABETH de NKOMO	243 15 30 58	\N	\N	Carrefour NKOMO _ face BOULANGERIE\nFONTANA
934	Ven. 25 Août. 2023 à 8h - Sam. 26 Août. 2023 à 8h	ACACIAS	699 61 96 54	\N	\N	BIYEM-ASSI CENTRE
932	Ven. 25 Août. 2023 à 8h - Sam. 26 Août. 2023 à 8h	BLED	674 43 15 22	\N	\N	Carrefour CARAMBA - NKOLBISSON
873	Mer. 30 Août. 2023 à 8h - Jeu. 31 Août. 2023 à 8h	BEATITUDES	242 03 75 82	677 96 21 16	\N	Carrefour LYCEE DE BIYEM - ASSI
549	Lun. 25 Sept. 2023 à 8h - Mar. 26 Sept. 2023 à 8h	CRYSTALLIS	242 71 05 86	667 08 95 63	\N	Carrefour ETOA MEKI
747	Ven. 08 Sept. 2023 à 8h - Sam. 09 Sept. 2023 à 8h	CRYSTALLIS	242 71 05 86	667 08 95 63	\N	Carrefour ETOA MEKI
297	Jeu. 12 Oct. 2023 à 8h - Ven. 13 Oct. 2023 à 8h	OBILI CHAPELLE	222 31 81 22	694 28 56 83 /	\N	CHAPELLE OBILI
942	Jeu. 24 Août. 2023 à 8h - Ven. 25 Août. 2023 à 8h	BALANCE	222 23 70 74	\N	\N	CARREF.ANGUISSA
300	Jeu. 12 Oct. 2023 à 8h - Ven. 13 Oct. 2023 à 8h	SANTE & VIE	682 24 74 78	\N	\N	face GP BITENG
301	Jeu. 12 Oct. 2023 à 8h - Ven. 13 Oct. 2023 à 8h	GOD'S GLORY PHARMACY	242 15 89 55	243 23 05 31	\N	Entrée KOWEIT CITY - ODZA
899	Lun. 28 Août. 2023 à 8h - Mar. 29 Août. 2023 à 8h	CAPUCINES	242 66 63 05	\N	\N	SIANTOU SUPERIEUR
302	Jeu. 12 Oct. 2023 à 8h - Ven. 13 Oct. 2023 à 8h	BETHEL PHARMACY	222 30 07 41	\N	\N	EKIE _ BOULANGERIE MERLOT
945	Jeu. 24 Août. 2023 à 8h - Ven. 25 Août. 2023 à 8h	OLEZOA	222 23 93 37	\N	\N	MOBIL OLEZOA
997	Ven. 18 Août. 2023 à 8h - Sam. 19 Août. 2023 à 8h	ETOUDI	242 03 50 51	\N	\N	Face FOKOU ETOUDI
333	Mar. 10 Oct. 2023 à 8h - Mer. 11 Oct. 2023 à 8h	HORTENSIA 	243 60 79 84	698 64 80 95	\N	POLYCLINIQUE TSINGA
949	Jeu. 24 Août. 2023 à 8h - Ven. 25 Août. 2023 à 8h	CANA	222 20 97 51	\N	\N	Carrefour JAMOT
950	Jeu. 24 Août. 2023 à 8h - Ven. 25 Août. 2023 à 8h	BAYARD	670 11 54 36	\N	\N	face HÔPITAL GYNECO OBSTÉTRIQUE
951	Jeu. 24 Août. 2023 à 8h - Ven. 25 Août. 2023 à 8h	PERSEVERANCE	243 84 41 35	243 84 67 75	\N	AWAE ESCALIER
320	Mer. 11 Oct. 2023 à 8h - Jeu. 12 Oct. 2023 à 8h	CRYSTALLIS	242 71 05 86	667 08 95 63	\N	Carrefour ETOA MEKI
961	Mer. 23 Août. 2023 à 8h - Jeu. 24 Août. 2023 à 8h	MARIJOVA	699 98 86 83	\N	\N	Entre Carrefour MEEC et DOVV - Nvlle\nroute NKOLBISSONG
965	Mer. 23 Août. 2023 à 8h - Jeu. 24 Août. 2023 à 8h	OLEMBE	658 24 86 75	\N	\N	face STATION PETROLEX  OLEMBE
966	Mer. 23 Août. 2023 à 8h - Jeu. 24 Août. 2023 à 8h	TONGOLO	222 20 94 85	657 95 18 18	\N	Carrefour CLUB YANNICK
967	Mer. 23 Août. 2023 à 8h - Jeu. 24 Août. 2023 à 8h	THERIAQUE	679 68 05 11	695 76 41 15	\N	A côté SOUS-PREFECTURE\nNKONDENGUI
969	Mer. 23 Août. 2023 à 8h - Jeu. 24 Août. 2023 à 8h	EKOUMDOUM	650 85 30 31	620 02 44 92	\N	HAPPY EKOUMDOUM
971	Sam. 19 Août. 2023 à 8h - Lun. 21 Août. 2023 à 8h	PROVINCIALE	222 20 94 93	6 96 31 65 86 /	\N	NLONGKAK PREFECTURE
972	Sam. 19 Août. 2023 à 8h - Lun. 21 Août. 2023 à 8h	ELOBI	222 20 41 37	658 18 37 18	\N	MOKOLO ELOBI
973	Sam. 19 Août. 2023 à 8h - Lun. 21 Août. 2023 à 8h	LYRIS	681 32 45 92	\N	\N	MIMBOMAN CHAPELLE  face Feicom
974	Sam. 19 Août. 2023 à 8h - Lun. 21 Août. 2023 à 8h	COLOMBE	699 10 43 73	654 83 64 71	\N	TEXACO OMNISPORT
976	Sam. 19 Août. 2023 à 8h - Lun. 21 Août. 2023 à 8h	NKONDONGO	242 00 47 60	242 11 54 07	\N	NKONDONGO ECOLE
979	Sam. 19 Août. 2023 à 8h - Lun. 21 Août. 2023 à 8h	JERUSALEM	222 31 01 09	698 29 47 88	\N	Carrefour TKC - ETOUG-EBE
980	Sam. 19 Août. 2023 à 8h - Lun. 21 Août. 2023 à 8h	ELITE	222 31 65 25	670 12 67 26	\N	Carrefour GP – MVOG-BETSI
981	Sam. 19 Août. 2023 à 8h - Lun. 21 Août. 2023 à 8h	HERMES	243 64 11 81	677 98 70 76	\N	face BOULANGERIE NEZAFI _ EMANA
984	Sam. 19 Août. 2023 à 8h - Lun. 21 Août. 2023 à 8h	THERIAQUE	679 68 05 11	695 76 41 15	\N	A côté SOUS-PREFECTURE\nNKONDENGUI
991	Ven. 18 Août. 2023 à 8h - Sam. 19 Août. 2023 à 8h	ROSEE	242 15 60 16	\N	\N	Carrefour TRADEX ELEVEURS
988	Ven. 18 Août. 2023 à 8h - Sam. 19 Août. 2023 à 8h	KETCHY	222 23 90 22	\N	\N	MADAGASCAR
993	Ven. 18 Août. 2023 à 8h - Sam. 19 Août. 2023 à 8h	MOLIVA	222 23 00 82	\N	\N	MOBIL (OIL LYBIA) MADAGASCAR
994	Ven. 18 Août. 2023 à 8h - Sam. 19 Août. 2023 à 8h	MANDELA	242 79 29 85	\N	\N	Face CHU
996	Ven. 18 Août. 2023 à 8h - Sam. 19 Août. 2023 à 8h	DIGNITE	651 53 12 83	697 68 26 88	\N	OLEMBE _ Entrée ECOLE
998	Ven. 18 Août. 2023 à 8h - Sam. 19 Août. 2023 à 8h	H&L	696 61 39 74	680 93 36 62	\N	face Boulangerie Essomba
292	Jeu. 12 Oct. 2023 à 8h - Ven. 13 Oct. 2023 à 8h	BON BERGER	242 60 67 77	6 99 98 51 68	691 24 86 07	NOUVELLE ROUTE OMNISPORTS - Rue\nFOE
308	Ven. 13 Oct. 2023 à 8h - Sam. 14 Oct. 2023 à 8h	MVOG ATANGANA MBALLA	222 30 67 85	\N	\N	ENTREE M. MVOG-MBI
293	Jeu. 12 Oct. 2023 à 8h - Ven. 13 Oct. 2023 à 8h	CHAPELLE NGOUSSO	222 21 33 21	\N	\N	CHAPELLE NGOUSSO
311	Ven. 13 Oct. 2023 à 8h - Sam. 14 Oct. 2023 à 8h	GET BETTER	655 33 16 36 /	\N	\N	Carrefour du CENTRE DES HANDICAPES\n- ETOUG EBE
1001	Jeu. 17 Août. 2023 à 8h - Ven. 18 Août. 2023 à 8h	SION	222 22 20 21	\N	\N	TEXACO MARCHE CENTRAL
1009	Jeu. 17 Août. 2023 à 8h - Ven. 18 Août. 2023 à 8h	JOUVENCE	222 31 72 24	\N	\N	Rond Point EXPRESS - BIYEM-ASSI
1003	Jeu. 17 Août. 2023 à 8h - Ven. 18 Août. 2023 à 8h	BOTANIK	694 73 54 60	\N	\N	SHAKESPEARE MIMBOMAN I
1004	Jeu. 17 Août. 2023 à 8h - Ven. 18 Août. 2023 à 8h	POPULAIRE	222 23 23 41	\N	\N	A côté SUPERMARCHÉ DOVV ESSOS
347	Sam. 07 Oct. 2023 à 8h - Lun. 09 Oct. 2023 à 8h	MFOUNDI	222 23 78 88	\N	\N	Carrefour ELIG ESSONO
1008	Jeu. 17 Août. 2023 à 8h - Ven. 18 Août. 2023 à 8h	QUEENS	656 77 61 78	670 37 80 09	\N	à côté TRADEX NKOLBIKOK
1010	Jeu. 17 Août. 2023 à 8h - Ven. 18 Août. 2023 à 8h	BETHESDA	222 31 39 97	\N	\N	TAM-TAM WEEK-END
325	Mer. 11 Oct. 2023 à 8h - Jeu. 12 Oct. 2023 à 8h	LAC 	222 22 20 80	\N	\N	MINISTERE de l'EQUIPEMENT
1015	Jeu. 17 Août. 2023 à 8h - Ven. 18 Août. 2023 à 8h	EKOUMDOUM	650 85 30 31	620 02 44 92	\N	HAPPY EKOUMDOUM
1016	Mar. 15 Août. 2023 à 8h - Mer. 16 Août. 2023 à 8h	XAVYO	222 23 63 40	\N	\N	MESS DES OFFICIERS
1017	Mar. 15 Août. 2023 à 8h - Mer. 16 Août. 2023 à 8h	EMMANUEL	222 20 02 44	\N	\N	MONTEE ECOLE DE POLICE
1018	Mar. 15 Août. 2023 à 8h - Mer. 16 Août. 2023 à 8h	MONTESQUIEU	650 83 75 32	\N	\N	COLLEGE MONTESQUIEU - MVOG ADA
1023	Mar. 15 Août. 2023 à 8h - Mer. 16 Août. 2023 à 8h	MARIJOVA	699 98 86 83	\N	\N	Entre Carrefour MEEC et DOVV - Nvlle\nroute NKOLBISSONG
1024	Mar. 15 Août. 2023 à 8h - Mer. 16 Août. 2023 à 8h	ROYALE	222 22 32 17	242 06 11 01	\N	ELIG-EFFA
1027	Mar. 15 Août. 2023 à 8h - Mer. 16 Août. 2023 à 8h	OLEMBE	658 24 86 75	\N	\N	face STATION PETROLEX  OLEMBE
1028	Mar. 15 Août. 2023 à 8h - Mer. 16 Août. 2023 à 8h	TONGOLO	222 20 94 85	657 95 18 18	\N	Carrefour CLUB YANNICK
1030	Mar. 15 Août. 2023 à 8h - Mer. 16 Août. 2023 à 8h	MESSAMENDONGO	693 05 53 75	650 26 51 41	\N	Carrefour MESSAMENDONGO
1032	Mer. 16 Août. 2023 à 8h - Jeu. 17 Août. 2023 à 8h	URBAINE	222 23 49 11	697 55 15 56	\N	Montée ANE ROUGE - HÔTEL ROYAL
1033	Mer. 16 Août. 2023 à 8h - Jeu. 17 Août. 2023 à 8h	ALLIANCE	222 21 88 54	693 78 75 35	\N	ECOLE PUBLIQUE DE BASTOS
1026	Mar. 15 Août. 2023 à 8h - Mer. 16 Août. 2023 à 8h	ACACIAS	699 61 96 54	\N	\N	BIYEM-ASSI CENTRE
1025	Mar. 15 Août. 2023 à 8h - Mer. 16 Août. 2023 à 8h	GRACE	242 04 15 61	\N	\N	MENDONG - Quincaillerie de la PAIX
1037	Mer. 16 Août. 2023 à 8h - Jeu. 17 Août. 2023 à 8h	ESSELE	691 98 27 60	\N	\N	Carrefour DAMASE  face DEPÔT DE BOIS
1040	Mer. 16 Août. 2023 à 8h - Jeu. 17 Août. 2023 à 8h	SIMBA'A	222 31 48 62	656 19 41 52 /	\N	Montée JOUVENCE MENDONG
1041	Mer. 16 Août. 2023 à 8h - Jeu. 17 Août. 2023 à 8h	ELITE	222 31 65 25	670 12 67 26	\N	Carrefour GP – MVOG-BETSI
1042	Mer. 16 Août. 2023 à 8h - Jeu. 17 Août. 2023 à 8h	CANA	222 20 97 51	\N	\N	Carrefour JAMOT
1043	Mer. 16 Août. 2023 à 8h - Jeu. 17 Août. 2023 à 8h	BAYARD	670 11 54 36	\N	\N	face HÔPITAL GYNECO OBSTÉTRIQUE
1045	Mer. 16 Août. 2023 à 8h - Jeu. 17 Août. 2023 à 8h	MINDILI	655 77 32 70	222 30 22 80	\N	Carrefour de L'AMITIE - EKOUMDOUM
573	Ven. 22 Sept. 2023 à 8h - Sam. 23 Sept. 2023 à 8h	EKOUNOU	222 30 67 78	\N	\N	LABOGENIE EKOUNOU
620	Mer. 04 Oct. 2023 à 8h - Jeu. 05 Oct. 2023 à 8h	SION	222 22 20 21	\N	\N	TEXACO MARCHE CENTRAL
621	Mer. 04 Oct. 2023 à 8h - Jeu. 05 Oct. 2023 à 8h	PROVINCIALE	222 20 94 93	6 96 31 65 86 /	\N	NLONGKAK PREFECTURE
314	Ven. 13 Oct. 2023 à 8h - Sam. 14 Oct. 2023 à 8h	BLEUE PLUS	222 21 14 92	\N	\N	face HOPITAL GENERAL
1022	Mar. 15 Août. 2023 à 8h - Mer. 16 Août. 2023 à 8h	CAPUCINES	242 66 63 05	\N	\N	SIANTOU SUPERIEUR
318	Mer. 11 Oct. 2023 à 8h - Jeu. 12 Oct. 2023 à 8h	K'FOUR MOTO GEORGES	242 19 28 27	698 01 05 19	\N	MOTO GEORGES
321	Mer. 11 Oct. 2023 à 8h - Jeu. 12 Oct. 2023 à 8h	SAINTE ANNE	696 48 84 87	653 19 27 79	\N	face Polyclinique FOUDA – quartier
1006	Jeu. 17 Août. 2023 à 8h - Ven. 18 Août. 2023 à 8h	NSAM EFOULAN	242 19 40 81	222 31 98 59	\N	Carrefour NSAM
630	Mer. 04 Oct. 2023 à 8h - Jeu. 05 Oct. 2023 à 8h	BAYARD	670 11 54 36	\N	\N	face HÔPITAL GYNECO OBSTÉTRIQUE
352	Sam. 07 Oct. 2023 à 8h - Lun. 09 Oct. 2023 à 8h	LYCEE BILINGUE	222 22 98 37	242 72 22 03	\N	Carrefour HÔTEL DU PLATEAU
634	Lun. 02 Oct. 2023 à 8h - Mar. 03 Oct. 2023 à 8h	XAVYO	222 23 63 40	\N	\N	MESS DES OFFICIERS
635	Lun. 02 Oct. 2023 à 8h - Mar. 03 Oct. 2023 à 8h	BASTOS	222 20 65 55	\N	\N	CARREF.BASTOS
296	Jeu. 12 Oct. 2023 à 8h - Ven. 13 Oct. 2023 à 8h	VIE 	222 22 67 87	\N	\N	face FOKOU MOKOLO
637	Lun. 02 Oct. 2023 à 8h - Mar. 03 Oct. 2023 à 8h	ISIS	222 23 35 78	\N	\N	EMOMBO 2ième CARREFOUR
641	Lun. 02 Oct. 2023 à 8h - Mar. 03 Oct. 2023 à 8h	CODEX	242 07 59 88	\N	\N	AHALA 1  Entrée PHARMACAM
642	Lun. 02 Oct. 2023 à 8h - Mar. 03 Oct. 2023 à 8h	MARIJOVA	699 98 86 83	\N	\N	Entre Carrefour MEEC et DOVV - Nvlle\nroute NKOLBISSONG
647	Lun. 02 Oct. 2023 à 8h - Mar. 03 Oct. 2023 à 8h	CANA	222 20 97 51	\N	\N	Carrefour JAMOT
648	Lun. 02 Oct. 2023 à 8h - Mar. 03 Oct. 2023 à 8h	TONGOLO	222 20 94 85	657 95 18 18	\N	Carrefour CLUB YANNICK
649	Lun. 02 Oct. 2023 à 8h - Mar. 03 Oct. 2023 à 8h	EKOUNOU	222 30 67 78	\N	\N	LABOGENIE EKOUNOU
652	Lun. 02 Oct. 2023 à 8h - Mar. 03 Oct. 2023 à 8h	EKOUMDOUM	650 85 30 31	620 02 44 92	\N	HAPPY EKOUMDOUM
1046	Mer. 16 Août. 2023 à 8h - Jeu. 17 Août. 2023 à 8h	MATURITE	655 44 91 38	672 31 10 98	\N	NEPTUNE _ ODZA
1049	Lun. 14 Août. 2023 à 8h - Mar. 15 Août. 2023 à 8h	GENEVOISE	679 69 27 80	657 83 10 64	\N	Nvlle Rte MIMBOMAN  Carrefour\nMVOG-ENYEGUE
1050	Lun. 14 Août. 2023 à 8h - Mar. 15 Août. 2023 à 8h	SANTE	222 22 30 03 /	690 10 02 40	\N	face HÔPITAL DE LA CAISSE
1051	Lun. 14 Août. 2023 à 8h - Mar. 15 Août. 2023 à 8h	ATHERA	620 26 13 34	650 62 05 05	\N	TiTI GARAGE - Résidence VERTE
1052	Lun. 14 Août. 2023 à 8h - Mar. 15 Août. 2023 à 8h	SIFA	659 60 58 43	\N	\N	face CHAPELLE MVOG-MBI
1053	Lun. 14 Août. 2023 à 8h - Mar. 15 Août. 2023 à 8h	SOTOWNEK	242 67 51 15	697 95 38 86	\N	Carrefour MEEC.
644	Lun. 02 Oct. 2023 à 8h - Mar. 03 Oct. 2023 à 8h	JOUVENCE	222 31 72 24	\N	\N	Rond Point EXPRESS - BIYEM-ASSI
1058	Lun. 14 Août. 2023 à 8h - Mar. 15 Août. 2023 à 8h	PALAIS	691 54 16 18	\N	\N	après la STATION TOTAL ETOUDI
1064	Sam. 12 Août. 2023 à 8h - Lun. 14 Août. 2023 à 8h	AUMACHA	680 82 25 57	657 65 34 20 /	\N	MIMBOMAN PETIT MARCHÉ  derriére\nSAPEUR
632	Mer. 04 Oct. 2023 à 8h - Jeu. 05 Oct. 2023 à 8h	GOD'S GLORY PHARMACY	242 15 89 55	243 23 05 31	\N	Entrée KOWEIT CITY - ODZA
1067	Sam. 12 Août. 2023 à 8h - Lun. 14 Août. 2023 à 8h	TROPICANA	673 22 71 44	\N	\N	entrée OFFICE DU BAC _ MVAN
1068	Sam. 12 Août. 2023 à 8h - Lun. 14 Août. 2023 à 8h	GLOIRE	691 11 59 91	683 95 31 42	\N	300m après USINE DES EAUX \nNKOLBISSON
1069	Sam. 12 Août. 2023 à 8h - Lun. 14 Août. 2023 à 8h	MESSA	222 22 53 54	694 28 73 04	\N	Entrée CAMP YEYAP _ MESSA
1070	Sam. 12 Août. 2023 à 8h - Lun. 14 Août. 2023 à 8h	SIMBOCK	691 76 78 64	650 39 42 38	\N	ECOLE DE GUERRE
1072	Sam. 12 Août. 2023 à 8h - Lun. 14 Août. 2023 à 8h	BRUXELLOISE	242 17 38 63	651 30 10 53	\N	après la station TRADEX EMANA
1073	Sam. 12 Août. 2023 à 8h - Lun. 14 Août. 2023 à 8h	NOBEL	690 30 18 18	\N	\N	Carrefour ANCIEN 6ième ETOUDI
1059	Lun. 14 Août. 2023 à 8h - Mar. 15 Août. 2023 à 8h	PERSEVERANCE	243 84 41 35	243 84 67 75	\N	AWAE ESCALIER
322	Mer. 11 Oct. 2023 à 8h - Jeu. 12 Oct. 2023 à 8h	PRIORITE SANTE	671 02 52 81	656 10 94 95	\N	Brigade de Gendarmerie de\nNKOLMESSENG
329	Mer. 11 Oct. 2023 à 8h - Jeu. 12 Oct. 2023 à 8h	SAINT VICTOR ESSOMBA	672 87 87 33	\N	\N	MOSQUEE ESSOMBA
339	Mar. 10 Oct. 2023 à 8h - Mer. 11 Oct. 2023 à 8h	CARREFOUR EMIA	222 23 42 07	222 23 00 86 /	\N	EMIA
340	Mar. 10 Oct. 2023 à 8h - Mer. 11 Oct. 2023 à 8h	BEATO MEMASO	222 31 57 52	\N	\N	Lycée d'ETOUG-EBE _ Montée SCIENCE
1078	Ven. 11 Août. 2023 à 8h - Sam. 12 Août. 2023 à 8h	FRANCAISE	222 22 14 76	677 62 08 47	\N	Face ancienne BICIC CENTRALE
1081	Ven. 11 Août. 2023 à 8h - Sam. 12 Août. 2023 à 8h	COLOMBE	699 10 43 73	654 83 64 71	\N	TEXACO OMNISPORT
298	Jeu. 12 Oct. 2023 à 8h - Ven. 13 Oct. 2023 à 8h	EMANA	222 21 42 94	\N	\N	à côté du Supermarché Noblesse - EMANA
1083	Ven. 11 Août. 2023 à 8h - Sam. 12 Août. 2023 à 8h	OLEZOA	222 23 93 37	\N	\N	MOBIL OLEZOA
1104	Jeu. 10 Août. 2023 à 8h - Ven. 11 Août. 2023 à 8h	ETOUDI	242 03 50 51	\N	\N	Face FOKOU ETOUDI
1090	Ven. 11 Août. 2023 à 8h - Sam. 12 Août. 2023 à 8h	THERIAQUE	679 68 05 11	695 76 41 15	\N	A côté SOUS-PREFECTURE
1092	Ven. 11 Août. 2023 à 8h - Sam. 12 Août. 2023 à 8h	EKOUMDOUM	650 85 30 31	620 02 44 92	\N	HAPPY EKOUMDOUM
1093	Jeu. 10 Août. 2023 à 8h - Ven. 11 Août. 2023 à 8h	CAMEROUNAISE	242 00 11 33	\N	\N	CATHEDRALE YAOUNDE
1079	Ven. 11 Août. 2023 à 8h - Sam. 12 Août. 2023 à 8h	GRANDE PHARMACIE DES\nLUMIERES	222 20 58 55	\N	\N	ROND-POINT NLONGKAK
1099	Jeu. 10 Août. 2023 à 8h - Ven. 11 Août. 2023 à 8h	MOLIVA	222 23 00 82	\N	\N	MOBIL (OIL LYBIA) MADAGASCAR
1102	Jeu. 10 Août. 2023 à 8h - Ven. 11 Août. 2023 à 8h	UNIVERSELLE	650 71 43 82	698 18 29 08	\N	BIYEM-ASSI BISCUITERIE
1103	Jeu. 10 Août. 2023 à 8h - Ven. 11 Août. 2023 à 8h	DIGNITE	651 53 12 83	697 68 26 88	243 07 48 07	OLEMBE _ Entrée ECOLE
1114	Mer. 09 Août. 2023 à 8h - Jeu. 10 Août. 2023 à 8h	BLED	674 43 15 22	\N	\N	Carrefour CARAMBA - NKOLBISSON
1106	Jeu. 10 Août. 2023 à 8h - Ven. 11 Août. 2023 à 8h	MINDILI	655 77 32 70	222 30 22 80	690.64.85.80	Carrefour de L'AMITIE - EKOUMDOUM
1107	Jeu. 10 Août. 2023 à 8h - Ven. 11 Août. 2023 à 8h	MATURITE	655 44 91 38	672 31 10 98	\N	NEPTUNE _ ODZA
1109	Mer. 09 Août. 2023 à 8h - Jeu. 10 Août. 2023 à 8h	BASTOS	222 20 65 55	\N	\N	CARREF.BASTOS
1110	Mer. 09 Août. 2023 à 8h - Jeu. 10 Août. 2023 à 8h	ISIS	222 23 35 78	\N	\N	EMOMBO 2ième CARREFOUR
1111	Mer. 09 Août. 2023 à 8h - Jeu. 10 Août. 2023 à 8h	POPULAIRE	222 23 23 41	\N	\N	A côté SUPERMARCHÉ DOVV ESSOS
1113	Mer. 09 Août. 2023 à 8h - Jeu. 10 Août. 2023 à 8h	CODEX	242 07 59 88	\N	\N	AHALA 1  Entrée PHARMACAM
1097	Jeu. 10 Août. 2023 à 8h - Ven. 11 Août. 2023 à 8h	ROSEE	242 15 60 16	\N	\N	Carrefour TRADEX ELEVEURS
1117	Mer. 09 Août. 2023 à 8h - Jeu. 10 Août. 2023 à 8h	NSIMEYONG	694 01 12 46	620 26 36 89	\N	Chapelle NSIMEYONG
1120	Mer. 09 Août. 2023 à 8h - Jeu. 10 Août. 2023 à 8h	EKOUNOU	222 30 67 78	\N	\N	LABOGENIE EKOUNOU
1121	Mer. 09 Août. 2023 à 8h - Jeu. 10 Août. 2023 à 8h	MESSAMENDONGO	693 05 53 75	650 26 51 41	\N	Carrefour MESSAMENDONGO
1125	Mar. 08 Août. 2023 à 8h - Mer. 09 Août. 2023 à 8h	MVOG-ADA	222 22 43 25	\N	\N	Carrefour. BOUT- CARRE MVOG-ADA
1124	Mar. 08 Août. 2023 à 8h - Mer. 09 Août. 2023 à 8h	JOURDAIN	676 88 95 25	\N	\N	à côté de l’Immeuble MACABO -NKOMKANA
1128	Mar. 08 Août. 2023 à 8h - Mer. 09 Août. 2023 à 8h	EFOULAN	242 06 74 26	\N	\N	à côté PALAIS CHARLES ATANGANA\n(EFOULAN)
1132	Mar. 08 Août. 2023 à 8h - Mer. 09 Août. 2023 à 8h	PRINCIPALE	222 31 49 08	\N	\N	Entrée IRIC - Carrefour OBILI
1133	Mar. 08 Août. 2023 à 8h - Mer. 09 Août. 2023 à 8h	CANA	222 20 97 51	\N	\N	Carrefour JAMOT
1080	Ven. 11 Août. 2023 à 8h - Sam. 12 Août. 2023 à 8h	BALANCE	222 23 70 74	\N	\N	CARREF.ANGUISSA
341	Mar. 10 Oct. 2023 à 8h - Mer. 11 Oct. 2023 à 8h	VOLUNTAS DEI	675 77 46 65	699 97 18 59	\N	BIYEM-ASSI LAC
1116	Mer. 09 Août. 2023 à 8h - Jeu. 10 Août. 2023 à 8h	BIYEM-ASSI	222 31 71 93	676 11 37 86	\N	face NIKI
353	Sam. 07 Oct. 2023 à 8h - Lun. 09 Oct. 2023 à 8h	NSAM EFOULAN	242 19 40 81	222 31 98 59	\N	Carrefour NSAM
382	Ven. 06 Oct. 2023 à 8h - Sam. 07 Oct. 2023 à 8h	CITE QUEBEC	691 43 50 45	\N	\N	TITI GARAGE - A COTE DU QUEBEC
356	Sam. 07 Oct. 2023 à 8h - Lun. 09 Oct. 2023 à 8h	GET BETTER	655 33 16 36 /	\N	\N	Carrefour du CENTRE DES HANDICAPES\n- ETOUG EBE
362	Sam. 07 Oct. 2023 à 8h - Lun. 09 Oct. 2023 à 8h	SANTE & VIE	682 24 74 78	\N	\N	face GP BITENG
1096	Jeu. 10 Août. 2023 à 8h - Ven. 11 Août. 2023 à 8h	CITE QUEBEC	691 43 50 45	\N	\N	TITI GARAGE - A COTE DU QUEBEC
1134	Mar. 08 Août. 2023 à 8h - Mer. 09 Août. 2023 à 8h	BAYARD	670 11 54 36	\N	\N	face HÔPITAL GYNECO OBSTÉTRIQUE
1135	Mar. 08 Août. 2023 à 8h - Mer. 09 Août. 2023 à 8h	H&L	696 61 39 74	680 93 36 62	\N	face Boulangerie Essomba
345	Mar. 10 Oct. 2023 à 8h - Mer. 11 Oct. 2023 à 8h	CYGNE ODZA	657 35 88 25	222 30 13 76	\N	face TOTAL BORNE 10 - ODZA
1139	Lun. 07 Août. 2023 à 8h - Mar. 08 Août. 2023 à 8h	LYRIS	681 32 45 92	\N	\N	MIMBOMAN CHAPELLE  face Feicom
366	Lun. 09 Oct. 2023 à 8h - Mar. 10 Oct. 2023 à 8h	MEMORIAL	674 09 23 87	222 30 05 81	\N	Carrefour Iptec à Nkolndongo
1143	Lun. 07 Août. 2023 à 8h - Mar. 08 Août. 2023 à 8h	NKONDONGO	242 00 47 60	242 11 54 07	\N	NKONDONGO ECOLE
1144	Lun. 07 Août. 2023 à 8h - Mar. 08 Août. 2023 à 8h	MARIJOVA	699 98 86 83	\N	\N	Entre Carrefour MEEC et DOVV - Nvlle\nroute NKOLBISSONG
1147	Lun. 07 Août. 2023 à 8h - Mar. 08 Août. 2023 à 8h	OLEMBE	658 24 86 75	\N	\N	face STATION PETROLEX  OLEMBE
1148	Lun. 07 Août. 2023 à 8h - Mar. 08 Août. 2023 à 8h	TONGOLO	222 20 94 85	657 95 18 18	678 93 10 04	Carrefour CLUB YANNICK
1136	Mar. 08 Août. 2023 à 8h - Mer. 09 Août. 2023 à 8h	FOI	656 49 68 11	681 52 63 19	\N	PETIT MARCHE D'ODZA
1153	Sam. 05 Août. 2023 à 8h - lun. 07 Août. 2023 à 8h	ALLIANCE	222 21 88 54	693 78 75 35	\N	ECOLE PUBLIQUE DE BASTOS
1154	Sam. 05 Août. 2023 à 8h - lun. 07 Août. 2023 à 8h	EMMANUEL	222 20 02 44	\N	\N	MONTEE ECOLE DE POLICE
1156	Sam. 05 Août. 2023 à 8h - lun. 07 Août. 2023 à 8h	SANTE	222 22 30 03 /	690 10 02 40	\N	face HÔPITAL DE LA CAISSE
1157	Sam. 05 Août. 2023 à 8h - lun. 07 Août. 2023 à 8h	ATHERA	620 26 13 34	650 62 05 05	\N	TiTI GARAGE - Résidence VERTE
1159	Sam. 05 Août. 2023 à 8h - lun. 07 Août. 2023 à 8h	SOTOWNEK	242 67 51 15	697 95 38 86	\N	Carrefour MEEC.
1160	Sam. 05 Août. 2023 à 8h - lun. 07 Août. 2023 à 8h	MANDELA	242 79 29 85	\N	\N	Face CHU
1163	Sam. 05 Août. 2023 à 8h - lun. 07 Août. 2023 à 8h	PRINCIPALE	222 31 49 08	\N	\N	Entrée IRIC - Carrefour OBILI
231	Mar. 17 Oct. 2023 à 8h - Mer. 18 Oct. 2023 à 8h	STADE OMNISPORT	222 20 67 10	\N	\N	STADE OMNISPORT
1165	Sam. 05 Août. 2023 à 8h - lun. 07 Août. 2023 à 8h	PALAIS	691 54 16 18	\N	\N	après la STATION TOTAL ETOUDI
1167	Sam. 05 Août. 2023 à 8h - lun. 07 Août. 2023 à 8h	H&L	696 61 39 74	680 93 36 62	\N	face Boulangerie Essomba
1169	Sam. 05 Août. 2023 à 8h - lun. 07 Août. 2023 à 8h	EKOUMDOUM	650 85 30 31	620 02 44 92	\N	HAPPY EKOUMDOUM
1171	Ven. 04 Août. 2023 à 8h - Sam. 05 Août. 2023 à 8h	KETCHY	222 23 90 22	\N	\N	MADAGASCAR
1172	Ven. 04 Août. 2023 à 8h - Sam. 05 Août. 2023 à 8h	BOTANIK	694 73 54 60	\N	\N	SHAKESPEARE MIMBOMAN I
1176	Ven. 04 Août. 2023 à 8h - Sam. 05 Août. 2023 à 8h	GLOIRE	691 11 59 91	683 95 31 42	\N	300m après USINE DES EAUX \nNKOLBISSON
1177	Ven. 04 Août. 2023 à 8h - Sam. 05 Août. 2023 à 8h	QUEENS	656 77 61 78	670 37 80 09	\N	à côté TRADEX NKOLBIKOK
1178	Ven. 04 Août. 2023 à 8h - Sam. 05 Août. 2023 à 8h	SIMBA'A	222 31 48 62	656 19 41 52 /	\N	Montée JOUVENCE MENDONG
1179	Ven. 04 Août. 2023 à 8h - Sam. 05 Août. 2023 à 8h	BETHESDA	222 31 39 97	\N	\N	TAM-TAM WEEK-END
1180	Ven. 04 Août. 2023 à 8h - Sam. 05 Août. 2023 à 8h	HERMES	243 64 11 81	677 98 70 76	664 46 07 46	face BOULANGERIE NEZAFI _ EMANA
1181	Ven. 04 Août. 2023 à 8h - Sam. 05 Août. 2023 à 8h	NOBEL	690 30 18 18	\N	\N	Carrefour ANCIEN 6ième ETOUDI
1183	Ven. 04 Août. 2023 à 8h - Sam. 05 Août. 2023 à 8h	MINDILI	655 77 32 70	222 30 22 80	690.64.85.80	Carrefour de L'AMITIE - EKOUMDOUM
1184	Ven. 04 Août. 2023 à 8h - Sam. 05 Août. 2023 à 8h	MATURITE	655 44 91 38	672 31 10 98	\N	NEPTUNE _ ODZA
368	Lun. 09 Oct. 2023 à 8h - Mar. 10 Oct. 2023 à 8h	STADE OMNISPORT	222 20 67 10	\N	\N	STADE OMNISPORT
373	Lun. 09 Oct. 2023 à 8h - Mar. 10 Oct. 2023 à 8h	MELEN 8	222 31 68 63	242 08 31 89	\N	Carrefour BIYEM-ASSI
471	Jeu. 28 Sept. 2023 à 8h - Ven. 29 Sept. 2023 à 8h	BASTOS	222 20 65 55	\N	\N	CARREF.BASTOS
1188	Jeu. 03 Août. 2023 à 8h - Ven. 04 Août. 2023 à 8h	COLOMBE	699 10 43 73	654 83 64 71	\N	TEXACO OMNISPORT
1211	Mer. 02 Août. 2023 à 8h - Jeu. 03 Août. 2023 à 8h	ETOUDI	242 03 50 51	\N	\N	Face FOKOU ETOUDI
1190	Jeu. 03 Août. 2023 à 8h - Ven. 04 Août. 2023 à 8h	ESSELE	691 98 27 60	\N	\N	Carrefour DAMASE  face DEPÔT DE BOIS
1197	Jeu. 03 Août. 2023 à 8h - Ven. 04 Août. 2023 à 8h	RELAIS DE NKOMO	653 74 33 45	655 82 72 54	\N	PAROISSE NKOAYOS
364	Lun. 09 Oct. 2023 à 8h - Mar. 10 Oct. 2023 à 8h	MOISSON	222 23 16 19	\N	\N	POSTE CENTRALE
1198	Jeu. 03 Août. 2023 à 8h - Ven. 04 Août. 2023 à 8h	MESSAMENDONGO	693 05 53 75	650 26 51 41	\N	Carrefour MESSAMENDONGO
1193	Jeu. 03 Août. 2023 à 8h - Ven. 04 Août. 2023 à 8h	GRACE	242 04 15 61	\N	\N	MENDONG - Quincaillerie de la PAIX
1201	Mer. 02 Août. 2023 à 8h - Jeu. 03 Août. 2023 à 8h	PROVINCIALE	222 20 94 93	6 96 31 65 86 /	\N	NLONGKAK PREFECTURE
1202	Mer. 02 Août. 2023 à 8h - Jeu. 03 Août. 2023 à 8h	MONTESQUIEU	650 83 75 32	\N	\N	COLLEGE MONTESQUIEU - MVOG ADA
1206	Mer. 02 Août. 2023 à 8h - Jeu. 03 Août. 2023 à 8h	MOLIVA	222 23 00 82	\N	\N	MOBIL (OIL LYBIA) MADAGASCAR
1207	Mer. 02 Août. 2023 à 8h - Jeu. 03 Août. 2023 à 8h	ROYALE	222 22 32 17	242 06 11 01	\N	ELIG-EFFA
1210	Mer. 02 Août. 2023 à 8h - Jeu. 03 Août. 2023 à 8h	DIGNITE	651 53 12 83	697 68 26 88	243 07 48 07	OLEMBE _ Entrée ECOLE
1204	Mer. 02 Août. 2023 à 8h - Jeu. 03 Août. 2023 à 8h	ROSEE	242 15 60 16	\N	\N	Carrefour TRADEX ELEVEURS
1214	Mar. 01 Août. 2023 à 8h - Mer. 02 Août. 2023 à 8h	SION	222 22 20 21	\N	\N	TEXACO MARCHE CENTRAL
1215	Mar. 01 Août. 2023 à 8h - Mer. 02 Août. 2023 à 8h	ELOBI	222 20 41 37	658 18 37 18	\N	MOKOLO ELOBI
1216	Mar. 01 Août. 2023 à 8h - Mer. 02 Août. 2023 à 8h	GENEVOISE	679 69 27 80	657 83 10 64	\N	Nvlle Rte MIMBOMAN  Carrefour
1217	Mar. 01 Août. 2023 à 8h - Mer. 02 Août. 2023 à 8h	POPULAIRE	222 23 23 41	\N	\N	A côté SUPERMARCHÉ DOVV ESSOS
1219	Mar. 01 Août. 2023 à 8h - Mer. 02 Août. 2023 à 8h	SIFA	659 60 58 43	\N	\N	face CHAPELLE MVOG-MBI
1222	Mar. 01 Août. 2023 à 8h - Mer. 02 Août. 2023 à 8h	JERUSALEM	222 31 01 09	698 29 47 88	\N	Carrefour TKC - ETOUG-EBE
1226	Mar. 01 Août. 2023 à 8h - Mer. 02 Août. 2023 à 8h	THERIAQUE	679 68 05 11	695 76 41 15	\N	A côté SOUS-PREFECTURE
453	Sam. 30 Sept. 2023 à 8h - Lun 02 Oct. 2023 à 8h	FRANCAISE	222 22 14 76	677 62 08 47	664 12 16 44	Face ancienne BICIC CENTRALE
1209	Mer. 02 Août. 2023 à 8h - Jeu. 03 Août. 2023 à 8h	ACACIAS	699 61 96 54	\N	\N	BIYEM-ASSI CENTRE
460	Sam. 30 Sept. 2023 à 8h - Lun 02 Oct. 2023 à 8h	GLOIRE	691 11 59 91	683 95 31 42	\N	300m après USINE DES EAUX \nNKOLBISSON
462	Sam. 30 Sept. 2023 à 8h - Lun 02 Oct. 2023 à 8h	JERUSALEM	222 31 01 09	698 29 47 88	\N	Carrefour TKC - ETOUG-EBE
465	Sam. 30 Sept. 2023 à 8h - Lun 02 Oct. 2023 à 8h	NOBEL	690 30 18 18	\N	\N	Carrefour ANCIEN 6ième ETOUDI
467	Sam. 30 Sept. 2023 à 8h - Lun 02 Oct. 2023 à 8h	H&L	696 61 39 74	680 93 36 62	\N	face Boulangerie Essomba
1212	Mer. 02 Août. 2023 à 8h - Jeu. 03 Août. 2023 à 8h	PERSEVERANCE	243 84 41 35	243 84 67 75	\N	AWAE ESCALIER
1205	Mer. 02 Août. 2023 à 8h - Jeu. 03 Août. 2023 à 8h	CAPUCINES	242 66 63 05	\N	\N	SIANTOU SUPERIEUR
386	Ven. 06 Oct. 2023 à 8h - Sam. 07 Oct. 2023 à 8h	7 COLLINES	222 22 65 71	\N	\N	Immeuble FEUGUIF _ MINI FERME
388	Ven. 06 Oct. 2023 à 8h - Sam. 07 Oct. 2023 à 8h	SAINTE GABRIELLE	692 26 38 93	\N	\N	NYOM 1 - au Pont DJONASSI
391	Ven. 06 Oct. 2023 à 8h - Sam. 07 Oct. 2023 à 8h	GOD'S GLORY PHARMACY	242 15 89 55	243 23 05 31	\N	Entrée KOWEIT CITY - ODZA
392	Ven. 06 Oct. 2023 à 8h - Sam. 07 Oct. 2023 à 8h	BETHEL PHARMACY	222 30 07 41	\N	\N	EKIE _ BOULANGERIE MERLOT
472	Jeu. 28 Sept. 2023 à 8h - Ven. 29 Sept. 2023 à 8h	MVOG-ADA	222 22 43 25	\N	\N	Carrefour. BOUT- CARRE MVOG-ADA
475	Jeu. 28 Sept. 2023 à 8h - Ven. 29 Sept. 2023 à 8h	EFOULAN	242 06 74 26	\N	\N	à côté PALAIS CHARLES ATANGANA\n(EFOULAN)
476	Jeu. 28 Sept. 2023 à 8h - Ven. 29 Sept. 2023 à 8h	MOLIVA	222 23 00 82	\N	\N	MOBIL (OIL LYBIA) MADAGASCAR
357	Sam. 07 Oct. 2023 à 8h - Lun. 09 Oct. 2023 à 8h	TERANGA	698 83 22 97	\N	\N	à 100m SUPERMARCHE DOVV
477	Jeu. 28 Sept. 2023 à 8h - Ven. 29 Sept. 2023 à 8h	LAC  du	222 22 20 80	\N	\N	MINISTERE de l'EQUIPEMENT
401	Jeu. 05 Oct. 2023 à 8h - Ven. 06 Oct. 2023 à 8h	BEATITUDES	242 03 75 82	677 96 21 16	\N	Carrefour LYCEE DE BIYEM - ASSI
578	Jeu. 21 Sept. 2023 à 8h - Ven. 22 Sept. 2023 à 8h	GENEVOISE	679 69 27 80	657 83 10 64	\N	Nvlle Rte MIMBOMAN  Carrefour\nMVOG-ENYEGUE
410	Mar. 03 Oct. 2023 à 8h - Mer. 04 Oct. 2023 à 8h	CRYSTALLIS	242 71 05 86	667 08 95 63	\N	Carrefour ETOA MEKI
581	Jeu. 21 Sept. 2023 à 8h - Ven. 22 Sept. 2023 à 8h	SIFA	659 60 58 43	\N	\N	face CHAPELLE MVOG-MBI
478	Jeu. 28 Sept. 2023 à 8h - Ven. 29 Sept. 2023 à 8h	JOUVENCE	222 31 72 24	\N	\N	Rond Point EXPRESS - BIYEM-ASSI
585	Jeu. 21 Sept. 2023 à 8h - Ven. 22 Sept. 2023 à 8h	ELITE	222 31 65 25	670 12 67 26	\N	Carrefour GP – MVOG-BETSI
586	Jeu. 21 Sept. 2023 à 8h - Ven. 22 Sept. 2023 à 8h	HERMES	243 64 11 81	677 98 70 76	664 46 07 46	face BOULANGERIE NEZAFI _ EMANA
397	Jeu. 05 Oct. 2023 à 8h - Ven. 06 Oct. 2023 à 8h	REFERENCE	242 04 25 96	652 62 36 72 /	\N	TRANSFORMATEUR NGOUSSO
588	Jeu. 21 Sept. 2023 à 8h - Ven. 22 Sept. 2023 à 8h	H&L	696 61 39 74	680 93 36 62	\N	face Boulangerie Essomba
589	Jeu. 21 Sept. 2023 à 8h - Ven. 22 Sept. 2023 à 8h	MINDILI	655 77 32 70	222 30 22 80	690.64.85.80	Carrefour de L'AMITIE - EKOUMDOUM
590	Jeu. 21 Sept. 2023 à 8h - Ven. 22 Sept. 2023 à 8h	MATURITE	655 44 91 38	672 31 10 98	\N	NEPTUNE _ ODZA
576	Jeu. 21 Sept. 2023 à 8h - Ven. 22 Sept. 2023 à 8h	MFOUNDI	222 23 78 88	\N	\N	Carrefour ELIG ESSONO
399	Jeu. 05 Oct. 2023 à 8h - Ven. 06 Oct. 2023 à 8h	BLED	674 43 15 22	\N	\N	Carrefour CARAMBA - NKOLBISSON
374	Lun. 09 Oct. 2023 à 8h - Mar. 10 Oct. 2023 à 8h	CENTRE MESSASSI	670.36.79.82	696.22.05.82	\N	Carrefour MESSASSI
474	Jeu. 28 Sept. 2023 à 8h - Ven. 29 Sept. 2023 à 8h	ROSEE	242 15 60 16	\N	\N	Carrefour TRADEX ELEVEURS
367	Lun. 09 Oct. 2023 à 8h - Mar. 10 Oct. 2023 à 8h	ELIG-EDZOA	677 71 81 27	\N	\N	face CASSE ELIG EDZOA
230	Mar. 17 Oct. 2023 à 8h - Mer. 18 Oct. 2023 à 8h	ELIG-EDZOA	677 71 81 27	\N	\N	face CASSE ELIG EDZOA
403	Jeu. 05 Oct. 2023 à 8h - Ven. 06 Oct. 2023 à 8h	BLEUE PLUS	222 21 14 92	\N	\N	face HOPITAL GENERAL
427	Mer. 04 Oct. 2023 à 8h - Jeu. 05 Oct. 2023 à 8h	CHAPELLE NGOUSSO	222 21 33 21	\N	\N	CHAPELLE NGOUSSO
411	Mar. 03 Oct. 2023 à 8h - Mer. 04 Oct. 2023 à 8h	SAINTE ANNE	696 48 84 87	653 19 27 79	\N	face Polyclinique FOUDA – quartier
412	Mar. 03 Oct. 2023 à 8h - Mer. 04 Oct. 2023 à 8h	PRIORITE SANTE	671 02 52 81	656 10 94 95	\N	Brigade de Gendarmerie de\nNKOLMESSENG
429	Mer. 04 Oct. 2023 à 8h - Jeu. 05 Oct. 2023 à 8h	OYOM ABANG	699 93 11 81	673 28 49 44	\N	PLACE DU MARCHE
430	Mer. 04 Oct. 2023 à 8h - Jeu. 05 Oct. 2023 à 8h	SAINT ANDRÉ CHATEAU	671 93 66 78	655 56 54 81	\N	Montée PARC _ face MATGENIE\nNKOLBIKOK PARC
431	Mer. 04 Oct. 2023 à 8h - Jeu. 05 Oct. 2023 à 8h	BEATO MEMASO	222 31 57 52	\N	\N	Lycée d'ETOUG-EBE _ Montée SCIENCE
473	Jeu. 28 Sept. 2023 à 8h - Ven. 29 Sept. 2023 à 8h	CITE QUEBEC	691 43 50 45	\N	\N	TITI GARAGE - A COTE DU QUEBEC
583	Jeu. 21 Sept. 2023 à 8h - Ven. 22 Sept. 2023 à 8h	SAINT ANDRÉ CHATEAU	671 93 66 78	655 56 54 81	\N	Montée PARC _ face MATGENIE\nNKOLBIKOK PARC
238	Mar. 17 Oct. 2023 à 8h - Mer. 18 Oct. 2023 à 8h	SAINTE ELISABETH de NKOMO	243 15 30 58	\N	\N	Carrefour NKOMO _ face BOULANGERIE\nFONTANA
360	Sam. 07 Oct. 2023 à 8h - Lun. 09 Oct. 2023 à 8h	MANGUIERS	242 06 04 09	694 02 64 61	\N	Rue DES MANGUIERS
426	Mer. 04 Oct. 2023 à 8h - Jeu. 05 Oct. 2023 à 8h	BON BERGER	242 60 67 77	6 99 98 51 68	691 24 86 07	NOUVELLE ROUTE OMNISPORTS - Rue\nFOE
5	Sam. 04 Nov. 2023 à 8h - Lun. 06 Nov. 2023 à 8h	CRYSTALLIS	242 71 05 86	667 08 95 63	\N	Carrefour ETOA MEKI
12	Sam. 04 Nov. 2023 à 8h - Lun. 06 Nov. 2023 à 8h	ETOILE	222 31 49 62	696 49 42 51	671 28 06 98	Montée MAISONS BLANCHES
14	Sam. 04 Nov. 2023 à 8h - Lun. 06 Nov. 2023 à 8h	EMANA	222 21 42 94	\N	\N	à côté du Supermarché Noblesse - EMANA
16	Sam. 04 Nov. 2023 à 8h - Lun. 06 Nov. 2023 à 8h	PERSEVERANCE	243 84 41 35	243 84 67 75	\N	AWAE ESCALIER
18	Sam. 04 Nov. 2023 à 8h - Lun. 06 Nov. 2023 à 8h	ODZA	691 86 77 72	\N	\N	Carrefour MBOG-ABANG
19	Sam. 04 Nov. 2023 à 8h - Lun. 06 Nov. 2023 à 8h	MINKAN	697 24 77 75	673 49 07 17	\N	MINKAN entrée par Carrefour TERMINUS
21	Jeu. 02 Nov. 2023 à 8h - Ven. 03 Nov. 2023 à 8h	JOURDAIN	676 88 95 25	\N	\N	à côté de l’Immeuble MACABO -NKOMKANA
23	Jeu. 02 Nov. 2023 à 8h - Ven. 03 Nov. 2023 à 8h	ELIG-EDZOA	677 71 81 27	\N	\N	face CASSE ELIG EDZOA
37	Jeu. 02 Nov. 2023 à 8h - Ven. 03 Nov. 2023 à 8h	MEMORIAL	674 09 23 87	222 30 05 81	\N	Carrefour Iptec à Nkolndongo
40	Jeu. 02 Nov. 2023 à 8h - Ven. 03 Nov. 2023 à 8h	AHALA	690 80 93 02	682 93 60 72	\N	Barrière AHALA
50	Mar. 31 Oct. 2023 à 8h - Mer. 01 Nov. 2023 à 8h	SOLEIL	222 22 14 23	\N	\N	CINEMA ABBIA
53	Mar. 31 Oct. 2023 à 8h - Mer. 01 Nov. 2023 à 8h	CITE	691 43 50 45	\N	\N	TITI GARAGE - A COTE DU QUEBEC
54	Mar. 31 Oct. 2023 à 8h - Mer. 01 Nov. 2023 à 8h	ROSEE	242 15 60 16	\N	\N	Carrefour TRADEX ELEVEURS
55	Mar. 31 Oct. 2023 à 8h - Mer. 01 Nov. 2023 à 8h	CAPUCINES	242 66 63 05	\N	\N	SIANTOU SUPERIEUR
58	Mar. 31 Oct. 2023 à 8h - Mer. 01 Nov. 2023 à 8h	TERANGA	698 83 22 97	\N	\N	à 100m SUPERMARCHE DOVV
61	Mar. 31 Oct. 2023 à 8h - Mer. 01 Nov. 2023 à 8h	ETOUDI	242 03 50 51	\N	\N	Face FOKOU ETOUDI
62	Mar. 31 Oct. 2023 à 8h - Mer. 01 Nov. 2023 à 8h	PERSEVERANCE	243 84 41 35	243 84 67 75	\N	AWAE ESCALIER
63	Mar. 31 Oct. 2023 à 8h - Mer. 01 Nov. 2023 à 8h	FOI	656 49 68 11	681 52 63 19	\N	PETIT MARCHE D'ODZA
72	Mar. 31 Oct. 2023 à 8h - Mer. 01 Nov. 2023 à 8h	GRACE	242 04 15 61	\N	\N	MENDONG - Quincaillerie de la PAIX
75	Mar. 31 Oct. 2023 à 8h - Mer. 01 Nov. 2023 à 8h	MANGUIERS	242 06 04 09	694 02 64 61	\N	Rue DES MANGUIERS
80	Sam. 28 Oct. 2023 à 8h - Lun. 30 Oct. 2023 à 8h	VERSET	222 20 95 07	\N	\N	DERRIERE CINEMA REX
98	Sam. 28 Oct. 2023 à 8h - Lun. 30 Oct. 2023 à 8h	JOUVENCE	222 31 72 24	\N	\N	Rond Point EXPRESS - BIYEM-ASSI
99	Sam. 28 Oct. 2023 à 8h - Lun. 30 Oct. 2023 à 8h	BEATITUDES	242 03 75 82	677 96 21 16	\N	Carrefour LYCEE DE BIYEM - ASSI
106	Jeu. 26 Oct. 2023 à 8h - Ven. 27 Oct. 2023 à 8h	PETALES	\N	222 23 15 97	\N	vers LE CAPITOLE
108	Jeu. 26 Oct. 2023 à 8h - Ven. 27 Oct. 2023 à 8h	FLECHE	\N	696 29 28 89	678 30 77 04	MIMBOMAN TERMINUS
113	Jeu. 26 Oct. 2023 à 8h - Ven. 27 Oct. 2023 à 8h	UNIVERSITE	\N	222 23 30 48	672 91 08 08	Carrefour CETIC NGOA EKELE
114	Jeu. 26 Oct. 2023 à 8h - Ven. 27 Oct. 2023 à 8h	BIYEM-ASSI	\N	222 31 71 93	676 11 37 86	 NIKI
121	Ven. 27 Oct. 2023 à 8h - Sam. 28 Oct. 2023 à 8h	INTENDANCE	222 22 46 94	\N	\N	Carrefour INTENDANCE
122	Ven. 27 Oct. 2023 à 8h - Sam. 28 Oct. 2023 à 8h	GOLF	692 33 47 46	\N	\N	Carrefour GOLF
124	Ven. 27 Oct. 2023 à 8h - Sam. 28 Oct. 2023 à 8h	CRYSTALLIS	242 71 05 86	667 08 95 63	\N	Carrefour ETOA MEKI
137	Mer. 25 Oct. 2023 à 8h - Jeu. 26 Oct. 2023 à 8h	MOISSON	222 23 16 19	\N	\N	POSTE CENTRALE
140	Mer. 25 Oct. 2023 à 8h - Jeu. 26 Oct. 2023 à 8h	ELIG-EDZOA	677 71 81 27	\N	\N	face CASSE ELIG EDZOA
158	Mar. 24 Oct. 2023 à 8h - Mer. 25 Oct. 2023 à 8h	LAC	222 22 20 80	\N	\N	MINISTERE de l'EQUIPEMENT
172	Sam. 21 Oct. 2023 à 8h - Lun. 23 Oct. 2023 à 8h	BLED	674 43 15 22	\N	\N	Carrefour CARAMBA - NKOLBISSON
919	Sam. 26 Août. 2023 à 8h - Lun. 28 Août. 2023 à 8h	TERANGA	698 83 22 97	\N	\N	à 100m SUPERMARCHE DOVV\nMENDONG
176	Sam. 21 Oct. 2023 à 8h - Lun. 23 Oct. 2023 à 8h	ACACIAS	699 61 96 54	\N	\N	BIYEM-ASSI CENTRE
970	Sam. 19 Août. 2023 à 8h - Lun. 21 Août. 2023 à 8h	20 MAI	222 23 92 88	699 71 25 53	\N	AVENUE DU 20 MAI
184	Lun. 23 Oct. 2023 à 8h - Mar. 24 Oct. 2023 à 8h	HORTENSIA	243 60 79 84	698 64 80 95	\N	POLYCLINIQUE TSINGA
330	Mer. 11 Oct. 2023 à 8h - Jeu. 12 Oct. 2023 à 8h	ODZA 	691 86 77 72	\N	\N	Carrefour MBOG-ABANG
187	Lun. 23 Oct. 2023 à 8h - Mar. 24 Oct. 2023 à 8h	ROSEE	242 15 60 16	\N	\N	Carrefour TRADEX ELEVEURS
191	Lun. 23 Oct. 2023 à 8h - Mar. 24 Oct. 2023 à 8h	ACACIAS	699 61 96 54	\N	\N	BIYEM-ASSI CENTRE
193	Lun. 23 Oct. 2023 à 8h - Mar. 24 Oct. 2023 à 8h	ETOUDI	242 03 50 51	\N	\N	Face FOKOU ETOUDI
195	Lun. 23 Oct. 2023 à 8h - Mar. 24 Oct. 2023 à 8h	ODZA	691 86 77 72	\N	\N	Carrefour MBOG-ABANG
196	Lun. 23 Oct. 2023 à 8h - Mar. 24 Oct. 2023 à 8h	MINKAN	697 24 77 75	673 49 07 17	\N	MINKAN entrée par Carrefour TERMINUS\nODZA
405	Jeu. 05 Oct. 2023 à 8h - Ven. 06 Oct. 2023 à 8h	ODZA 	691 86 77 72	\N	\N	Carrefour MBOG-ABANG
404	Jeu. 05 Oct. 2023 à 8h - Ven. 06 Oct. 2023 à 8h	SAINTE ELISABETH de NKOMO	243 15 30 58	\N	\N	Carrefour NKOMO _ face BOULANGERIE\nFONTANA
205	Ven. 20 Oct. 2023 à 8h - Sam. 21 Oct. 2023 à 8h	GRACE	242 04 15 61	\N	\N	MENDONG - Quincaillerie de la PAIX
937	Ven. 25 Août. 2023 à 8h - Sam. 26 Août. 2023 à 8h	RELAIS DE NKOMO	653 74 33 45	655 82 72 54	\N	PAROISSE NKOAYOS
930	Ven. 25 Août. 2023 à 8h - Sam. 26 Août. 2023 à 8h	REFERENCE	242 04 25 96	652 62 36 72 /	\N	TRANSFORMATEUR NGOUSSO
406	Jeu. 05 Oct. 2023 à 8h - Ven. 06 Oct. 2023 à 8h	MINKAN	697 24 77 75	673 49 07 17	\N	MINKAN entrée par Carrefour TERMINUS\nODZA
240	Mar. 17 Oct. 2023 à 8h - Mer. 18 Oct. 2023 à 8h	MINKAN	697 24 77 75	673 49 07 17	\N	MINKAN entrée par Carrefour TERMINUS\nODZA
271	Sam. 14 Oct. 2023 à 8h - Lun. 16 Oct. 2023 à 8h	SOLEIL	222 22 14 23	\N	\N	CINEMA ABBIA
272	Sam. 14 Oct. 2023 à 8h - Lun. 16 Oct. 2023 à 8h	VERSET	222 20 95 07	\N	\N	DERRIERE CINEMA REX
445	Lun. 02 Oct. 2023 à 8h - Mar. 03 Oct. 2023 à 8h	SAINTE BERNADETTE	691 30 34 90	650 68 49 78	\N	CRADAT
450	Lun. 02 Oct. 2023 à 8h - Mar. 03 Oct. 2023 à 8h	SANTE & VIE	682 24 74 78	\N	\N	face GP BITENG
452	Lun. 02 Oct. 2023 à 8h - Mar. 03 Oct. 2023 à 8h	SAINTE URIEL	693 74 14 05	652 73 22 65	\N	DERNIER POTEAU _ EKIE
886	Mar. 29 Août. 2023 à 8h - Mer. 30 Août. 2023 à 8h	7 COLLINES	222 22 65 71	\N	\N	Immeuble FEUGUIF _ MINI FERME
891	Mar. 29 Août. 2023 à 8h - Mer. 30 Août. 2023 à 8h	SANTE & VIE	682 24 74 78	\N	\N	face GP BITENG
913	Sam. 26 Août. 2023 à 8h - Lun. 28 Août. 2023 à 8h	CITE QUEBEC	691 43 50 45	\N	\N	TITI GARAGE - A COTE DU QUEBEC
906	Lun. 28 Août. 2023 à 8h - Mar. 29 Août. 2023 à 8h	SAINT VICTOR ESSOMBA	672 87 87 33	\N	\N	MOSQUEE ESSOMBA
458	Sam. 30 Sept. 2023 à 8h - Lun 02 Oct. 2023 à 8h	STADE OMNISPORT	222 20 67 10	\N	\N	STADE OMNISPORT
917	Sam. 26 Août. 2023 à 8h - Lun. 28 Août. 2023 à 8h	SAINT ANDRÉ CHATEAU	671 93 66 78	655 56 54 81	\N	Montée PARC _ face MATGENIE
918	Sam. 26 Août. 2023 à 8h - Lun. 28 Août. 2023 à 8h	GET BETTER	655 33 16 36 /	\N	\N	Carrefour du CENTRE DES HANDICAPES\n- ETOUG EBE
920	Sam. 26 Août. 2023 à 8h - Lun. 28 Août. 2023 à 8h	OBILI CHAPELLE	222 31 81 22	694 28 56 83 /	\N	CHAPELLE OBILI
921	Sam. 26 Août. 2023 à 8h - Lun. 28 Août. 2023 à 8h	SAINTE GABRIELLE	692 26 38 93	\N	\N	NYOM 1 - au Pont DJONASSI
924	Sam. 26 Août. 2023 à 8h - Lun. 28 Août. 2023 à 8h	SANTE & VIE	682 24 74 78	\N	\N	face GP BITENG
943	Jeu. 24 Août. 2023 à 8h - Ven. 25 Août. 2023 à 8h	BON BERGER	242 60 67 77	6 99 98 51 68	\N	NOUVELLE ROUTE OMNISPORTS - Rue\nFOE
944	Jeu. 24 Août. 2023 à 8h - Ven. 25 Août. 2023 à 8h	CHAPELLE NGOUSSO	222 21 33 21	\N	\N	CHAPELLE NGOUSSO
936	Ven. 25 Août. 2023 à 8h - Sam. 26 Août. 2023 à 8h	BLEUE PLUS	222 21 14 92	\N	\N	face HOPITAL GENERAL
938	Ven. 25 Août. 2023 à 8h - Sam. 26 Août. 2023 à 8h	GOD'S GLORY PHARMACY	242 15 89 55	243 23 05 31	\N	Entrée KOWEIT CITY - ODZA
939	Ven. 25 Août. 2023 à 8h - Sam. 26 Août. 2023 à 8h	BETHEL PHARMACY	222 30 07 41	\N	\N	EKIE _ BOULANGERIE MERLOT
946	Jeu. 24 Août. 2023 à 8h - Ven. 25 Août. 2023 à 8h	OYOM ABANG	699 93 11 81	673 28 49 44	\N	PLACE DU MARCHE
183	Lun. 23 Oct. 2023 à 8h - Mar. 24 Oct. 2023 à 8h	20 MAI	222 23 92 88	699 71 25 53	\N	AVENUE DU 20 MAI
436	Mer. 04 Oct. 2023 à 8h - Jeu. 05 Oct. 2023 à 8h	CYGNE ODZA	657 35 88 25	222 30 13 76	\N	face TOTAL BORNE 10 - ODZA
892	Mar. 29 Août. 2023 à 8h - Mer. 30 Août. 2023 à 8h	CYGNE ODZA	657 35 88 25	222 30 13 76	\N	face TOTAL BORNE 10 - ODZA
975	Sam. 19 Août. 2023 à 8h - Lun. 21 Août. 2023 à 8h	LYCEE BILINGUE	222 22 98 37	242 72 22 03	\N	Carrefour HÔTEL DU PLATEAU
968	Mer. 23 Août. 2023 à 8h - Jeu. 24 Août. 2023 à 8h	CYGNE ODZA	657 35 88 25	222 30 13 76	\N	face TOTAL BORNE 10 - ODZA
1005	Jeu. 17 Août. 2023 à 8h - Ven. 18 Août. 2023 à 8h	REFERENCE	242 04 25 96	652 62 36 72 /	\N	TRANSFORMATEUR NGOUSSO
1014	Jeu. 17 Août. 2023 à 8h - Ven. 18 Août. 2023 à 8h	CYGNE ODZA	657 35 88 25	222 30 13 76	\N	face TOTAL BORNE 10 - ODZA
956	Mer. 23 Août. 2023 à 8h - Jeu. 24 Août. 2023 à 8h	FLECHE	696 29 28 89	678 30 77 04	\N	MIMBOMAN TERMINUS
439	Lun. 02 Oct. 2023 à 8h - Mar. 03 Oct. 2023 à 8h	GOLF	692 33 47 46	\N	\N	Carrefour GOLF
977	Sam. 19 Août. 2023 à 8h - Lun. 21 Août. 2023 à 8h	CYPRES	242 06 47 59	\N	\N	1ier Carrefour NKOLBISSON
1220	Mar. 01 Août. 2023 à 8h - Mer. 02 Août. 2023 à 8h	BLED	674 43 15 22	\N	\N	Carrefour CARAMBA - NKOLBISSON
911	Sam. 26 Août. 2023 à 8h - Lun. 28 Août. 2023 à 8h	GOLF	692 33 47 46	\N	\N	Carrefour GOLF
947	Jeu. 24 Août. 2023 à 8h - Ven. 25 Août. 2023 à 8h	SAINTE BERNADETTE	691 30 34 90	650 68 49 78	\N	CRADAT
948	Jeu. 24 Août. 2023 à 8h - Ven. 25 Août. 2023 à 8h	MELEN 8	222 31 68 63	242 08 31 89	\N	Carrefour BIYEM-ASSI
954	Mer. 23 Août. 2023 à 8h - Jeu. 24 Août. 2023 à 8h	SAINT MARTIN	222 23 18 69	\N	\N	A COTE KATIOS
955	Mer. 23 Août. 2023 à 8h - Jeu. 24 Août. 2023 à 8h	GRANDE PHARMACIE DES\nLUMIERES	222 20 58 55	\N	\N	ROND-POINT NLONGKAK
958	Mer. 23 Août. 2023 à 8h - Jeu. 24 Août. 2023 à 8h	SAINTE ANNE	696 48 84 87	653 19 27 79	\N	face Polyclinique FOUDA – quartier
726	Sam. 09 Sept. 2023 à 8h - Lun. 11 Sept. 2023 à 8h	INTENDANCE 	222 22 46 94	\N	\N	Carrefour INTENDANCE
1002	Jeu. 17 Août. 2023 à 8h - Ven. 18 Août. 2023 à 8h	GOLF	692 33 47 46	\N	\N	Carrefour GOLF
952	Jeu. 24 Août. 2023 à 8h - Ven. 25 Août. 2023 à 8h	ODZA 	691 86 77 72	\N	\N	Carrefour MBOG-ABANG
959	Mer. 23 Août. 2023 à 8h - Jeu. 24 Août. 2023 à 8h	PRIORITE SANTE	671 02 52 81	656 10 94 95	\N	Brigade de Gendarmerie de\nNKOLMESSENG
992	Ven. 18 Août. 2023 à 8h - Sam. 19 Août. 2023 à 8h	AHALA 	690 80 93 02	682 93 60 72	\N	Barrière AHALA
960	Mer. 23 Août. 2023 à 8h - Jeu. 24 Août. 2023 à 8h	MVOG ATANGANA MBALLA	222 30 67 85	\N	\N	ENTREE M. MVOG-MBI
963	Mer. 23 Août. 2023 à 8h - Jeu. 24 Août. 2023 à 8h	BEATO MEMASO	222 31 57 52	\N	\N	Lycée d'ETOUG-EBE _ Montée SCIENCE
964	Mer. 23 Août. 2023 à 8h - Jeu. 24 Août. 2023 à 8h	VOLUNTAS DEI	675 77 46 65	699 97 18 59	\N	BIYEM-ASSI LAC
990	Ven. 18 Août. 2023 à 8h - Sam. 19 Août. 2023 à 8h	CITE QUEBEC	691 43 50 45	\N	\N	TITI GARAGE - A COTE DU QUEBEC
978	Sam. 19 Août. 2023 à 8h - Lun. 21 Août. 2023 à 8h	CARREFOUR EMIA	222 23 42 07	222 23 00 86 /	\N	EMIA
985	Sam. 19 Août. 2023 à 8h - Lun. 21 Août. 2023 à 8h	GOD'S GLORY PHARMACY	242 15 89 55	243 23 05 31	\N	Entrée KOWEIT CITY - ODZA
986	Sam. 19 Août. 2023 à 8h - Lun. 21 Août. 2023 à 8h	BETHEL PHARMACY	222 30 07 41	\N	\N	EKIE _ BOULANGERIE MERLOT
989	Ven. 18 Août. 2023 à 8h - Sam. 19 Août. 2023 à 8h	MEMORIAL	674 09 23 87	222 30 05 81	\N	Carrefour Iptec à Nkolndongo
1012	Jeu. 17 Août. 2023 à 8h - Ven. 18 Août. 2023 à 8h	BLEUE PLUS	222 21 14 92	\N	\N	face HOPITAL GENERAL
470	Jeu. 28 Sept. 2023 à 8h - Ven. 29 Sept. 2023 à 8h	SOLEIL	222 22 14 23	\N	\N	CINEMA ABBIA
995	Ven. 18 Août. 2023 à 8h - Sam. 19 Août. 2023 à 8h	BEATITUDES	242 03 75 82	677 96 21 16	\N	Carrefour LYCEE DE BIYEM - ASSI
957	Mer. 23 Août. 2023 à 8h - Jeu. 24 Août. 2023 à 8h	CRYSTALLIS	242 71 05 86	667 08 95 63	\N	Carrefour ETOA MEKI
1019	Mar. 15 Août. 2023 à 8h - Mer. 16 Août. 2023 à 8h	CRYSTALLIS	242 71 05 86	667 08 95 63	\N	Carrefour ETOA MEKI
672	Jeu. 14 Sept. 2023 à 8h - Ven. 15 Sept. 2023 à 8h	STADE OMNISPORT	222 20 67 10	\N	\N	STADE OMNISPORT
1013	Jeu. 17 Août. 2023 à 8h - Ven. 18 Août. 2023 à 8h	SANTE & VIE	682 24 74 78	\N	\N	face GP BITENG
1020	Mar. 15 Août. 2023 à 8h - Mer. 16 Août. 2023 à 8h	SAINTE ANNE	696 48 84 87	653 19 27 79	\N	face Polyclinique FOUDA – quartier\nFOUDA
1021	Mar. 15 Août. 2023 à 8h - Mer. 16 Août. 2023 à 8h	PRIORITE SANTE	671 02 52 81	656 10 94 95	\N	Brigade de Gendarmerie de\nNKOLMESSENG
1031	Mar. 15 Août. 2023 à 8h - Mer. 16 Août. 2023 à 8h	SAINTE URIEL	693 74 14 05	652 73 22 65	\N	DERNIER POTEAU _ EKIE
1038	Mer. 16 Août. 2023 à 8h - Jeu. 17 Août. 2023 à 8h	OYOM ABANG	699 93 11 81	673 28 49 44	\N	PLACE DU MARCHE
1039	Mer. 16 Août. 2023 à 8h - Jeu. 17 Août. 2023 à 8h	7 COLLINES	222 22 65 71	\N	\N	Immeuble FEUGUIF _ MINI FERME
1044	Mer. 16 Août. 2023 à 8h - Jeu. 17 Août. 2023 à 8h	SAINT VICTOR ESSOMBA	672 87 87 33	\N	\N	MOSQUEE ESSOMBA
625	Mer. 04 Oct. 2023 à 8h - Jeu. 05 Oct. 2023 à 8h	MVOG ATANGANA MBALLA	222 30 67 85	\N	\N	ENTREE M. MVOG-MBI
1029	Mar. 15 Août. 2023 à 8h - Mer. 16 Août. 2023 à 8h	RELAIS DE NKOMO	653 74 33 45	655 82 72 54	\N	PAROISSE NKOAYOS
1000	Ven. 18 Août. 2023 à 8h - Sam. 19 Août. 2023 à 8h	MINKAN	697 24 77 75	673 49 07 17	\N	MINKAN entrée par Carrefour TERMINUS\nODZA
505	Mer. 27 Sept. 2023 à 8h - Jeu. 28 Sept. 2023 à 8	BLED	674 43 15 22	\N	\N	Carrefour CARAMBA - NKOLBISSON
789	Mar. 05 Sept. 2023 à 8h - Mer. 06 Sept. 2023 à 8h	GOLF	692 33 47 46	\N	\N	Carrefour GOLF
489	Ven. 29 Sept. 2023 à 8h - Sam. 30 Sept. 2023 à 8h	LYCEE BILINGUE	222 22 98 37	242 72 22 03	\N	Carrefour HÔTEL DU PLATEAU
1057	Lun. 14 Août. 2023 à 8h - Mar. 15 Août. 2023 à 8h	CENTRE MESSASSI	670.36.79.82	696.22.05.82	\N	Carrefour MESSASSI
464	Sam. 30 Sept. 2023 à 8h - Lun 02 Oct. 2023 à 8h	CENTRE MESSASSI	670.36.79.82	696.22.05.82	\N	Carrefour MESSASSI
1011	Jeu. 17 Août. 2023 à 8h - Ven. 18 Août. 2023 à 8h	EMANA	222 21 42 94	\N	\N	à côté du Supermarché Noblesse - EMANA
1061	Sam. 12 Août. 2023 à 8h - Lun. 14 Août. 2023 à 8h	BIEN ETRE	677 33 80 28	\N	\N	ELIG ESSONO (face HÔTEL GRAND
606	Mer. 20 Sept. 2023 à 8h - Jeu. 21 Sept. 2023 à 8h	VERSET	222 20 95 07	\N	\N	DERRIERE CINEMA REX
532	Sam. 23 Sept. 2023 à 8h - Lun. 25 Sept. 2023 à 8h	CHATEAU DE MIMBOMAN	242 06 22 98	\N	\N	CHAPELLE D'EMOMBO
354	Sam. 07 Oct. 2023 à 8h - Lun. 09 Oct. 2023 à 8h	CYPRES	242 06 47 59	\N	\N	1ier Carrefour NKOLBISSON
491	Ven. 29 Sept. 2023 à 8h - Sam. 30 Sept. 2023 à 8h	CYPRES	242 06 47 59	\N	\N	1ier Carrefour NKOLBISSON
1007	Jeu. 17 Août. 2023 à 8h - Ven. 18 Août. 2023 à 8h	BLED	674 43 15 22	\N	\N	Carrefour CARAMBA - NKOLBISSON
626	Mer. 04 Oct. 2023 à 8h - Jeu. 05 Oct. 2023 à 8h	OYOM ABANG	699 93 11 81	673 28 49 44	\N	PLACE DU MARCHE
1035	Mer. 16 Août. 2023 à 8h - Jeu. 17 Août. 2023 à 8h	BON BERGER	242 60 67 77	6 99 98 51 68	\N	NOUVELLE ROUTE OMNISPORTS - Rue\nFOE
623	Mer. 04 Oct. 2023 à 8h - Jeu. 05 Oct. 2023 à 8h	BON BERGER	242 60 67 77	6 99 98 51 68	\N	NOUVELLE ROUTE OMNISPORTS - Rue\nFOE
633	Mer. 04 Oct. 2023 à 8h - Jeu. 05 Oct. 2023 à 8h	BETHEL PHARMACY	222 30 07 41	\N	\N	EKIE _ BOULANGERIE MERLOT
639	Lun. 02 Oct. 2023 à 8h - Mar. 03 Oct. 2023 à 8h	SAINTE ANNE	696 48 84 87	653 19 27 79	\N	face Polyclinique FOUDA – quartier\nFOUDA
640	Lun. 02 Oct. 2023 à 8h - Mar. 03 Oct. 2023 à 8h	PRIORITE SANTE	671 02 52 81	656 10 94 95	\N	Brigade de Gendarmerie de\nNKOLMESSENG
1034	Mer. 16 Août. 2023 à 8h - Jeu. 17 Août. 2023 à 8h	CHATEAU DE MIMBOMAN	242 06 22 98	\N	\N	CHAPELLE D'EMOMBO
651	Lun. 02 Oct. 2023 à 8h - Mar. 03 Oct. 2023 à 8h	CYGNE ODZA	657 35 88 25	222 30 13 76	\N	face TOTAL BORNE 10 - ODZA
1091	Ven. 11 Août. 2023 à 8h - Sam. 12 Août. 2023 à 8h	CYGNE ODZA	657 35 88 25	222 30 13 76	\N	face TOTAL BORNE 10 - ODZA
1036	Mer. 16 Août. 2023 à 8h - Jeu. 17 Août. 2023 à 8h	CHAPELLE NGOUSSO	222 21 33 21	\N	\N	CHAPELLE NGOUSSO
887	Mar. 29 Août. 2023 à 8h - Mer. 30 Août. 2023 à 8h	JOUVENCE	222 31 72 24	\N	\N	Rond Point EXPRESS - BIYEM-ASSI
624	Mer. 04 Oct. 2023 à 8h - Jeu. 05 Oct. 2023 à 8h	CHAPELLE NGOUSSO	222 21 33 21	\N	\N	CHAPELLE NGOUSSO
1127	Mar. 08 Août. 2023 à 8h - Mer. 09 Août. 2023 à 8h	CHAPELLE NGOUSSO	222 21 33 21	\N	\N	CHAPELLE NGOUSSO
731	Sam. 09 Sept. 2023 à 8h - Lun. 11 Sept. 2023 à 8h	CHAPELLE NGOUSSO	222 21 33 21	\N	\N	CHAPELLE NGOUSSO
631	Mer. 04 Oct. 2023 à 8h - Jeu. 05 Oct. 2023 à 8h	RELAIS DE NKOMO	653 74 33 45	655 82 72 54	\N	PAROISSE NKOAYOS
522	Mar. 26 Sept. 2023 à 8h - Mer. 27 Sept. 2023 à 8h	GRACE	242 04 15 61	\N	\N	MENDONG - Quincaillerie de la PAIX
638	Lun. 02 Oct. 2023 à 8h - Mar. 03 Oct. 2023 à 8h	CRYSTALLIS	242 71 05 86	667 08 95 63	\N	Carrefour ETOA MEKI
714	Lun. 11 Sept. 2023 à 8h - Mar. 12 Sept. 2023 à 8h	CHATEAU DE MIMBOMAN	242 06 22 98	\N	\N	CHAPELLE D'EMOMBO
1055	Lun. 14 Août. 2023 à 8h - Mar. 15 Août. 2023 à 8h	TERANGA	698 83 22 97	\N	\N	à 100m SUPERMARCHE DOVV\nMENDONG
1084	Ven. 11 Août. 2023 à 8h - Sam. 12 Août. 2023 à 8h	CYPRES	242 06 47 59	\N	\N	1ier Carrefour NKOLBISSON
718	Lun. 11 Sept. 2023 à 8h - Mar. 12 Sept. 2023 à 8h	BLED	674 43 15 22	\N	\N	Carrefour CARAMBA - NKOLBISSON
629	Mer. 04 Oct. 2023 à 8h - Jeu. 05 Oct. 2023 à 8h	EMANA	222 21 42 94	\N	\N	à côté du Supermarché Noblesse - EMANA
645	Lun. 02 Oct. 2023 à 8h - Mar. 03 Oct. 2023 à 8h	BEATO MEMASO	222 31 57 52	\N	\N	Lycée d'ETOUG-EBE _ Montée SCIENCE
646	Lun. 02 Oct. 2023 à 8h - Mar. 03 Oct. 2023 à 8h	VOLUNTAS DEI	675 77 46 65	699 97 18 59	\N	BIYEM-ASSI LAC
650	Lun. 02 Oct. 2023 à 8h - Mar. 03 Oct. 2023 à 8h	SANTE & VIE	682 24 74 78	\N	\N	face GP BITENG
1066	Sam. 12 Août. 2023 à 8h - Lun. 14 Août. 2023 à 8h	STADE OMNISPORT	222 20 67 10	\N	\N	STADE OMNISPORT
1054	Lun. 14 Août. 2023 à 8h - Mar. 15 Août. 2023 à 8h	SAINT ANDRÉ CHATEAU	671 93 66 78	655 56 54 81	\N	Montée PARC _ face MATGENIE\nNKOLBIKOK PARC
1056	Lun. 14 Août. 2023 à 8h - Mar. 15 Août. 2023 à 8h	OBILI CHAPELLE	222 31 81 22	694 28 56 83 /	\N	CHAPELLE OBILI
1063	Sam. 12 Août. 2023 à 8h - Lun. 14 Août. 2023 à 8h	K'FOUR MOTO GEORGES	242 19 28 27	698 01 05 19	\N	MOTO GEORGES
1071	Sam. 12 Août. 2023 à 8h - Lun. 14 Août. 2023 à 8h	MELEN 8	222 31 68 63	242 08 31 89	\N	Carrefour BIYEM-ASSI
1075	Sam. 12 Août. 2023 à 8h - Lun. 14 Août. 2023 à 8h	SAINT VICTOR ESSOMBA	672 87 87 33	\N	\N	MOSQUEE ESSOMBA
1082	Ven. 11 Août. 2023 à 8h - Sam. 12 Août. 2023 à 8h	LYCEE BILINGUE	222 22 98 37	242 72 22 03	\N	Carrefour HÔTEL DU PLATEAU
643	Lun. 02 Oct. 2023 à 8h - Mar. 03 Oct. 2023 à 8h	VIE	222 22 67 87	\N	\N	face FOKOU MOKOLO
689	Mer. 13 Sept. 2023 à 8h - Jeu. 14 Sept. 2023 à 8h	CYPRES	242 06 47 59	\N	\N	1ier Carrefour NKOLBISSON
1074	Sam. 12 Août. 2023 à 8h - Lun. 14 Août. 2023 à 8h	PERSEVERANCE	243 84 41 35	243 84 67 75	\N	AWAE ESCALIER
770	Jeu. 07 Sept. 2023 à 8h - Ven. 08 Sept. 2023 à 8h	CENTRE MESSASSI	670.36.79.82	696.22.05.82	\N	Carrefour MESSASSI
636	Lun. 02 Oct. 2023 à 8h - Mar. 03 Oct. 2023 à 8h	TSINGA	699 55 01 55	\N	\N	face PMI TSINGA
740	Sam. 09 Sept. 2023 à 8h - Lun. 11 Sept. 2023 à 8h	PERSEVERANCE	243 84 41 35	243 84 67 75	\N	AWAE ESCALIER
316	Ven. 13 Oct. 2023 à 8h - Sam. 14 Oct. 2023 à 8h	FOI	656 49 68 11	681 52 63 19	\N	PETIT MARCHE D'ODZA
1060	Lun. 14 Août. 2023 à 8h - Mar. 15 Août. 2023 à 8h	FOI	656 49 68 11	681 52 63 19	\N	PETIT MARCHE D'ODZA
1213	Mer. 02 Août. 2023 à 8h - Jeu. 03 Août. 2023 à 8h	FOI	656 49 68 11	681 52 63 19	\N	PETIT MARCHE D'ODZA
1085	Ven. 11 Août. 2023 à 8h - Sam. 12 Août. 2023 à 8h	SAINTE BERNADETTE	691 30 34 90	650 68 49 78	\N	CRADAT
1086	Ven. 11 Août. 2023 à 8h - Sam. 12 Août. 2023 à 8h	BEATO MEMASO	222 31 57 52	\N	\N	Lycée d'ETOUG-EBE _ Montée SCIENCE
1087	Ven. 11 Août. 2023 à 8h - Sam. 12 Août. 2023 à 8h	VOLUNTAS DEI	675 77 46 65	699 97 18 59	\N	BIYEM-ASSI LAC
1047	Lun. 14 Août. 2023 à 8h - Mar. 15 Août. 2023 à 8h	MARCHE 	242 01 50 46	690 30 75 88	\N	MARCHE CENTRAL
1062	Sam. 12 Août. 2023 à 8h - Lun. 14 Août. 2023 à 8h	HORTENSIA 	243 60 79 84	698 64 80 95	\N	POLYCLINIQUE TSINGA
305	Ven. 13 Oct. 2023 à 8h - Sam. 14 Oct. 2023 à 8h	FLECHE	696 29 28 89	678 30 77 04	\N	MIMBOMAN TERMINUS
1118	Mer. 09 Août. 2023 à 8h - Jeu. 10 Août. 2023 à 8h	EMANA	222 21 42 94	\N	\N	à côté du Supermarché Noblesse - EMANA
1140	Lun. 07 Août. 2023 à 8h - Mar. 08 Août. 2023 à 8h	CRYSTALLIS	242 71 05 86	667 08 95 63	\N	Carrefour ETOA MEKI
775	Mer. 06 Sept. 2023 à 8h - Jeu. 07 Sept. 2023 à 8h	VERSET	222 20 95 07	\N	\N	DERRIERE CINEMA REX
788	Mar. 05 Sept. 2023 à 8h - Mer. 06 Sept. 2023 à 8h	20 MAI	222 23 92 88	699 71 25 53	\N	AVENUE DU 20 MAI
482	Jeu. 28 Sept. 2023 à 8h - Ven. 29 Sept. 2023 à 8h	RELAIS DE NKOMO	653 74 33 45	655 82 72 54	\N	PAROISSE NKOAYOS
802	Lun. 04 Sept. 2023 à 8h - Mar. 05 Sept. 2023 à 8h	MFOUNDI	222 23 78 88	\N	\N	Carrefour ELIG ESSONO
1095	Jeu. 10 Août. 2023 à 8h - Ven. 11 Août. 2023 à 8h	FLECHE	696 29 28 89	678 30 77 04	\N	MIMBOMAN TERMINUS
1112	Mer. 09 Août. 2023 à 8h - Jeu. 10 Août. 2023 à 8h	REFERENCE	242 04 25 96	652 62 36 72 /	\N	TRANSFORMATEUR NGOUSSO
1115	Mer. 09 Août. 2023 à 8h - Jeu. 10 Août. 2023 à 8h	VIE	222 22 67 87	\N	\N	face FOKOU MOKOLO
792	Mar. 05 Sept. 2023 à 8h - Mer. 06 Sept. 2023 à 8h	LYCEE BILINGUE	222 22 98 37	242 72 22 03	\N	Carrefour HÔTEL DU PLATEAU
483	Jeu. 28 Sept. 2023 à 8h - Ven. 29 Sept. 2023 à 8h	CYGNE ODZA	657 35 88 25	222 30 13 76	\N	face TOTAL BORNE 10 - ODZA
1088	Ven. 11 Août. 2023 à 8h - Sam. 12 Août. 2023 à 8h	SAINTE GABRIELLE	692 26 38 93	\N	\N	NYOM 1 - au Pont DJONASSI
1126	Mar. 08 Août. 2023 à 8h - Mer. 09 Août. 2023 à 8h	BON BERGER	242 60 67 77	6 99 98 51 68	691 24 86 07	NOUVELLE ROUTE OMNISPORTS - Rue\nFOE
1098	Jeu. 10 Août. 2023 à 8h - Ven. 11 Août. 2023 à 8h	MVOG ATANGANA MBALLA	222 30 67 85	\N	\N	ENTREE M. MVOG-MBI
1119	Mer. 09 Août. 2023 à 8h - Jeu. 10 Août. 2023 à 8h	BLEUE PLUS	222 21 14 92	\N	\N	face HOPITAL GENERAL
1122	Mer. 09 Août. 2023 à 8h - Jeu. 10 Août. 2023 à 8h	SAINTE URIEL	693 74 14 05	652 73 22 65	\N	DERNIER POTEAU _ EKIE
1129	Mar. 08 Août. 2023 à 8h - Mer. 09 Août. 2023 à 8h	OYOM ABANG	699 93 11 81	673 28 49 44	\N	PLACE DU MARCHE
1131	Mar. 08 Août. 2023 à 8h - Mer. 09 Août. 2023 à 8h	GET BETTER	655 33 16 36 /	\N	\N	Carrefour du CENTRE DES HANDICAPES
1137	Lun. 07 Août. 2023 à 8h - Mar. 08 Août. 2023 à 8h	SAINT MARTIN	222 23 18 69	\N	\N	A COTE KATIOS
1141	Lun. 07 Août. 2023 à 8h - Mar. 08 Août. 2023 à 8h	SAINTE ANNE	696 48 84 87	653 19 27 79	\N	face Polyclinique FOUDA – quartier
1142	Lun. 07 Août. 2023 à 8h - Mar. 08 Août. 2023 à 8h	PRIORITE SANTE	671 02 52 81	656 10 94 95	\N	Brigade de Gendarmerie de\nNKOLMESSENG
1145	Lun. 07 Août. 2023 à 8h - Mar. 08 Août. 2023 à 8h	CARREFOUR EMIA	222 23 42 07	222 23 00 86 /	\N	EMIA
1149	Lun. 07 Août. 2023 à 8h - Mar. 08 Août. 2023 à 8h	SANTE & VIE	682 24 74 78	\N	\N	face GP BITENG
484	Jeu. 28 Sept. 2023 à 8h - Ven. 29 Sept. 2023 à 8h	EKOUMDOUM	650 85 30 31	620 02 44 92	\N	HAPPY EKOUMDOUM
486	Ven. 29 Sept. 2023 à 8h - Sam. 30 Sept. 2023 à 8h	ELOBI	222 20 41 37	658 18 37 18	\N	MOKOLO ELOBI
487	Ven. 29 Sept. 2023 à 8h - Sam. 30 Sept. 2023 à 8h	ISIS	222 23 35 78	\N	\N	EMOMBO
488	Ven. 29 Sept. 2023 à 8h - Sam. 30 Sept. 2023 à 8h	COLOMBE	699 10 43 73	654 83 64 71	\N	TEXACO OMNISPORT
1150	Lun. 07 Août. 2023 à 8h - Mar. 08 Août. 2023 à 8h	GOD'S GLORY PHARMACY	242 15 89 55	243 23 05 31	\N	Entrée KOWEIT CITY - ODZA
1151	Lun. 07 Août. 2023 à 8h - Mar. 08 Août. 2023 à 8h	BETHEL PHARMACY	222 30 07 41	\N	\N	EKIE _ BOULANGERIE MERLOT
1162	Sam. 05 Août. 2023 à 8h - lun. 07 Août. 2023 à 8h	BEATO MEMASO	222 31 57 52	\N	\N	Lycée d'ETOUG-EBE _ Montée SCIENCE
1108	Mer. 09 Août. 2023 à 8h - Jeu. 10 Août. 2023 à 8h	SOLEIL 	222 22 14 23	\N	\N	CINEMA ABBIA
481	Jeu. 28 Sept. 2023 à 8h - Ven. 29 Sept. 2023 à 8h	ETOUDI	242 03 50 51	\N	\N	Face FOKOU ETOUDI
794	Mar. 05 Sept. 2023 à 8h - Mer. 06 Sept. 2023 à 8h	CYPRES	242 06 47 59	\N	\N	1ier Carrefour NKOLBISSON
1100	Jeu. 10 Août. 2023 à 8h - Ven. 11 Août. 2023 à 8h	UNIVERSITE YAOUNDE I 	222 23 30 48	672 91 08 08	\N	Carrefour CETIC NGOA EKELE
1130	Mar. 08 Août. 2023 à 8h - Mer. 09 Août. 2023 à 8h	LAC  du	222 22 20 80	\N	\N	MINISTERE de l'EQUIPEMENT
490	Ven. 29 Sept. 2023 à 8h - Sam. 30 Sept. 2023 à 8h	CODEX	242 07 59 88	\N	\N	AHALA 1  Entrée PHARMACAM
516	Mar. 26 Sept. 2023 à 8h - Mer. 27 Sept. 2023 à 8h	MEMORIAL	674 09 23 87	222 30 05 81	\N	Carrefour Iptec à Nkolndongo
1155	Sam. 05 Août. 2023 à 8h - lun. 07 Août. 2023 à 8h	MEMORIAL	674 09 23 87	222 30 05 81	\N	Carrefour Iptec à Nkolndongo
1146	Lun. 07 Août. 2023 à 8h - Mar. 08 Août. 2023 à 8h	BEATITUDES	242 03 75 82	677 96 21 16	\N	Carrefour LYCEE DE BIYEM - ASSI
494	Ven. 29 Sept. 2023 à 8h - Sam. 30 Sept. 2023 à 8h	HERMES	243 64 11 81	677 98 70 76	664 46 07 46	face BOULANGERIE NEZAFI _ EMANA
1170	Ven. 04 Août. 2023 à 8h - Sam. 05 Août. 2023 à 8h	PETALES	222 23 15 97	\N	\N	vers LE CAPITOLE
1166	Sam. 05 Août. 2023 à 8h - lun. 07 Août. 2023 à 8h	RELAIS DE NKOMO	653 74 33 45	655 82 72 54	\N	PAROISSE NKOAYOS
499	Mer. 27 Sept. 2023 à 8h - Jeu. 28 Sept. 2023 à 8	CAMEROUNAISE	242 00 11 33	\N	\N	CATHEDRALE YAOUNDE
501	Mer. 27 Sept. 2023 à 8h - Jeu. 28 Sept. 2023 à 8	LYRIS	681 32 45 92	\N	\N	MIMBOMAN CHAPELLE  face Feicom
502	Mer. 27 Sept. 2023 à 8h - Jeu. 28 Sept. 2023 à 8	POPULAIRE	222 23 23 41	\N	\N	A côté SUPERMARCHÉ DOVV ESSOS
504	Mer. 27 Sept. 2023 à 8h - Jeu. 28 Sept. 2023 à 8	NKONDONGO	242 00 47 60	242 11 54 07	\N	NKONDONGO ECOLE
507	Mer. 27 Sept. 2023 à 8h - Jeu. 28 Sept. 2023 à 8	SIMBA'A	222 31 48 62	656 19 41 52 /	\N	Montée JOUVENCE MENDONG
509	Mer. 27 Sept. 2023 à 8h - Jeu. 28 Sept. 2023 à 8	DIGNITE	651 53 12 83	697 68 26 88	\N	OLEMBE _ Entrée ECOLE
512	Mer. 27 Sept. 2023 à 8h - Jeu. 28 Sept. 2023 à 8	MINDILI	655 77 32 70	222 30 22 80	\N	Carrefour de L'AMITIE - EKOUMDOUM
513	Mer. 27 Sept. 2023 à 8h - Jeu. 28 Sept. 2023 à 8	MATURITE	655 44 91 38	672 31 10 98	\N	NEPTUNE _ ODZA
1164	Sam. 05 Août. 2023 à 8h - lun. 07 Août. 2023 à 8h	CENTRE MESSASSI	670.36.79.82	696.22.05.82	\N	Carrefour MESSASSI
523	Mar. 26 Sept. 2023 à 8h - Mer. 27 Sept. 2023 à 8h	NSIMEYONG	694 01 12 46	620 26 36 89	\N	Chapelle NSIMEYONG
525	Mar. 26 Sept. 2023 à 8h - Mer. 27 Sept. 2023 à 8h	BAYARD	670 11 54 36	\N	\N	face HÔPITAL GYNECO OBSTÉTRIQUE
526	Mar. 26 Sept. 2023 à 8h - Mer. 27 Sept. 2023 à 8h	THERIAQUE	679 68 05 11	695 76 41 15	\N	A côté SOUS-PREFECTURE
527	Mar. 26 Sept. 2023 à 8h - Mer. 27 Sept. 2023 à 8h	\N	\N	\N	\N	NKONDENGUI
528	Mar. 26 Sept. 2023 à 8h - Mer. 27 Sept. 2023 à 8h	MESSAMENDONGO	693 05 53 75	650 26 51 41	\N	Carrefour MESSAMENDONGO
530	Sam. 23 Sept. 2023 à 8h - Lun. 25 Sept. 2023 à 8h	ALLIANCE	222 21 88 54	693 78 75 35	\N	ECOLE PUBLIQUE DE BASTOS
531	Sam. 23 Sept. 2023 à 8h - Lun. 25 Sept. 2023 à 8h	EMMANUEL	222 20 02 44	\N	\N	MONTEE
533	Sam. 23 Sept. 2023 à 8h - Lun. 25 Sept. 2023 à 8h	SANTE	222 22 30 03 /	690 10 02 40	\N	face HÔPITAL DE LA CAISSE
534	Sam. 23 Sept. 2023 à 8h - Lun. 25 Sept. 2023 à 8h	ATHERA	620 26 13 34	650 62 05 05	\N	TiTI GARAGE - Résidence VERTE
535	Sam. 23 Sept. 2023 à 8h - Lun. 25 Sept. 2023 à 8h	ESSELE	691 98 27 60	\N	\N	Carrefour DAMASE  face DEPÔT DE BOIS
536	Sam. 23 Sept. 2023 à 8h - Lun. 25 Sept. 2023 à 8h	SOTOWNEK	242 67 51 15	697 95 38 86	\N	Carrefour MEEC.
538	Sam. 23 Sept. 2023 à 8h - Lun. 25 Sept. 2023 à 8h	SIMBOCK	691 76 78 64	650 39 42 38	\N	ECOLE DE GUERRE
540	Sam. 23 Sept. 2023 à 8h - Lun. 25 Sept. 2023 à 8h	OLEMBE	658 24 86 75	\N	\N	face STATION PETROLEX  OLEMBE
541	Sam. 23 Sept. 2023 à 8h - Lun. 25 Sept. 2023 à 8h	PALAIS	691 54 16 18	\N	\N	après la STATION TOTAL ETOUDI
511	Mer. 27 Sept. 2023 à 8h - Jeu. 28 Sept. 2023 à 8	PERSEVERANCE	243 84 41 35	243 84 67 75	\N	AWAE ESCALIER
543	Sam. 23 Sept. 2023 à 8h - Lun. 25 Sept. 2023 à 8h	THERIAQUE	679 68 05 11	695 76 41 15	\N	A côté SOUS-PREFECTURE
1175	Ven. 04 Août. 2023 à 8h - Sam. 05 Août. 2023 à 8h	NSAM EFOULAN	242 19 40 81	222 31 98 59	\N	Carrefour NSAM
1182	Ven. 04 Août. 2023 à 8h - Sam. 05 Août. 2023 à 8h	SAINT VICTOR ESSOMBA	672 87 87 33	\N	\N	MOSQUEE ESSOMBA
1174	Ven. 04 Août. 2023 à 8h - Sam. 05 Août. 2023 à 8h	STADE OMNISPORT	222 20 67 10	\N	\N	STADE OMNISPORT
1186	Jeu. 03 Août. 2023 à 8h - Ven. 04 Août. 2023 à 8h	K'FOUR MOTO GEORGES	242 19 28 27	698 01 05 19	\N	MOTO GEORGES
548	Lun. 25 Sept. 2023 à 8h - Mar. 26 Sept. 2023 à 8h	BOTANIK	694 73 54 60	\N	\N	SHAKESPEARE MIMBOMAN I
461	Sam. 30 Sept. 2023 à 8h - Lun 02 Oct. 2023 à 8h	UNIVERSITE YAOUNDE I 	222 23 30 48	672 91 08 08	\N	Carrefour CETIC NGOA EKELE
553	Lun. 25 Sept. 2023 à 8h - Mar. 26 Sept. 2023 à 8h	MARIJOVA	699 98 86 83	\N	\N	Entre Carrefour MEEC et DOVV - Nvlle\nroute NKOLBISSONG
554	Lun. 25 Sept. 2023 à 8h - Mar. 26 Sept. 2023 à 8h	QUEENS	656 77 61 78	670 37 80 09	\N	à côté TRADEX NKOLBIKOK
1158	Sam. 05 Août. 2023 à 8h - lun. 07 Août. 2023 à 8h	AHALA 	690 80 93 02	682 93 60 72	\N	Barrière AHALA
556	Lun. 25 Sept. 2023 à 8h - Mar. 26 Sept. 2023 à 8h	UNIVERSELLE	650 71 43 82	698 18 29 08	\N	BIYEM-ASSI BISCUITERIE
557	Lun. 25 Sept. 2023 à 8h - Mar. 26 Sept. 2023 à 8h	CANA	222 20 97 51	\N	\N	Carrefour JAMOT
558	Lun. 25 Sept. 2023 à 8h - Mar. 26 Sept. 2023 à 8h	TONGOLO	222 20 94 85	657 95 18 18	678 93 10 04	Carrefour CLUB YANNICK
1138	Lun. 07 Août. 2023 à 8h - Mar. 08 Août. 2023 à 8h	ECOLE de POLICE	222 03 63 25	699 97 68 79 /	\N	ECOLE DE POLICE
1168	Sam. 05 Août. 2023 à 8h - lun. 07 Août. 2023 à 8h	CYGNE ODZA	657 35 88 25	222 30 13 76	\N	face TOTAL BORNE 10 - ODZA
563	Ven. 22 Sept. 2023 à 8h - Sam. 23 Sept. 2023 à 8h	MONTESQUIEU	650 83 75 32	\N	\N	COLLEGE MONTESQUIEU - MVOG ADA
567	Ven. 22 Sept. 2023 à 8h - Sam. 23 Sept. 2023 à 8h	GLOIRE	691 11 59 91	683 95 31 42	\N	300m après USINE DES EAUX 
568	Ven. 22 Sept. 2023 à 8h - Sam. 23 Sept. 2023 à 8h	ROYALE	222 22 32 17	242 06 11 01	\N	ELIG-EFFA
570	Ven. 22 Sept. 2023 à 8h - Sam. 23 Sept. 2023 à 8h	PRINCIPALE	222 31 49 08	\N	\N	Entrée IRIC - Carrefour OBILI
571	Ven. 22 Sept. 2023 à 8h - Sam. 23 Sept. 2023 à 8h	BRUXELLOISE	242 17 38 63	651 30 10 53	\N	après la station TRADEX EMANA
572	Ven. 22 Sept. 2023 à 8h - Sam. 23 Sept. 2023 à 8h	NOBEL	690 30 18 18	\N	\N	Carrefour ANCIEN 6ième ETOUDI
575	Ven. 22 Sept. 2023 à 8h - Sam. 23 Sept. 2023 à 8h	EKOUMDOUM	650 85 30 31	620 02 44 92	\N	HAPPY EKOUMDOUM
550	Lun. 25 Sept. 2023 à 8h - Mar. 26 Sept. 2023 à 8h	SAINTE ANNE	696 48 84 87	653 19 27 79	\N	face Polyclinique FOUDA – quartier
597	Mar. 19 Sept. 2023 à 8h - Mer. 20 Sept. 2023 à 8h	BLED	674 43 15 22	\N	\N	Carrefour CARAMBA - NKOLBISSON
551	Lun. 25 Sept. 2023 à 8h - Mar. 26 Sept. 2023 à 8h	PRIORITE SANTE	671 02 52 81	656 10 94 95	\N	Brigade de Gendarmerie de\nNKOLMESSENG
552	Lun. 25 Sept. 2023 à 8h - Mar. 26 Sept. 2023 à 8h	NSAM EFOULAN	242 19 40 81	222 31 98 59	\N	Carrefour NSAM
591	Mar. 19 Sept. 2023 à 8h - Mer. 20 Sept. 2023 à 8h	URBAINE	222 23 49 11	697 55 15 56	\N	Montée ANE ROUGE - HÔTEL ROYAL
594	Mar. 19 Sept. 2023 à 8h - Mer. 20 Sept. 2023 à 8h	POPULAIRE	222 23 23 41	\N	\N	A côté SUPERMARCHÉ DOVV ESSOS
596	Mar. 19 Sept. 2023 à 8h - Mer. 20 Sept. 2023 à 8h	OLEZOA	222 23 93 37	\N	\N	MOBIL OLEZOA
601	Mar. 19 Sept. 2023 à 8h - Mer. 20 Sept. 2023 à 8h	DIGNITE	651 53 12 83	697 68 26 88	\N	OLEMBE _ Entrée ECOLE
521	Mar. 26 Sept. 2023 à 8h - Mer. 27 Sept. 2023 à 8h	MANDELA	242 79 29 85	\N	\N	Face CHU
577	Jeu. 21 Sept. 2023 à 8h - Ven. 22 Sept. 2023 à 8h	KETCHY	222 23 90 22	\N	\N	MADAGASCAR
579	Jeu. 21 Sept. 2023 à 8h - Ven. 22 Sept. 2023 à 8h	COLOMBE	699 10 43 73	654 83 64 71	\N	TEXACO OMNISPORT
560	Lun. 25 Sept. 2023 à 8h - Mar. 26 Sept. 2023 à 8h	FOI	656 49 68 11	681 52 63 19	\N	PETIT MARCHE D'ODZA
592	Mar. 19 Sept. 2023 à 8h - Mer. 20 Sept. 2023 à 8h	GOLF	692 33 47 46	\N	\N	Carrefour GOLF
1203	Mer. 02 Août. 2023 à 8h - Jeu. 03 Août. 2023 à 8h	CITE QUEBEC	691 43 50 45	\N	\N	TITI GARAGE - A COTE DU QUEBEC
1192	Jeu. 03 Août. 2023 à 8h - Ven. 04 Août. 2023 à 8h	7 COLLINES	222 22 65 71	\N	\N	Immeuble FEUGUIF _ MINI FERME
547	Lun. 25 Sept. 2023 à 8h - Mar. 26 Sept. 2023 à 8h	JOURDAIN	676 88 95 25	\N	\N	à côté de l’Immeuble MACABO -NKOMKANA
593	Mar. 19 Sept. 2023 à 8h - Mer. 20 Sept. 2023 à 8h	BALANCE	222 23 70 74	\N	\N	CARREF.ANGUISSA
569	Ven. 22 Sept. 2023 à 8h - Sam. 23 Sept. 2023 à 8h	BEATO MEMASO	222 31 57 52	\N	\N	Lycée d'ETOUG-EBE _ Montée SCIENCE
566	Ven. 22 Sept. 2023 à 8h - Sam. 23 Sept. 2023 à 8h	CAPUCINES	242 66 63 05	\N	\N	SIANTOU SUPERIEUR
1194	Jeu. 03 Août. 2023 à 8h - Ven. 04 Août. 2023 à 8h	OBILI CHAPELLE	222 31 81 22	694 28 56 83 /	\N	CHAPELLE OBILI
1195	Jeu. 03 Août. 2023 à 8h - Ven. 04 Août. 2023 à 8h	SAINTE GABRIELLE	692 26 38 93	\N	\N	NYOM 1 - au Pont DJONASSI
1199	Jeu. 03 Août. 2023 à 8h - Ven. 04 Août. 2023 à 8h	SAINTE URIEL	693 74 14 05	652 73 22 65	\N	DERNIER POTEAU _ EKIE
613	Mer. 20 Sept. 2023 à 8h - Jeu. 21 Sept. 2023 à 8h	BIYEM-ASSI	222 31 71 93	676 11 37 86	\N	face NIKI
454	Sam. 30 Sept. 2023 à 8h - Lun 02 Oct. 2023 à 8h	HORTENSIA 	243 60 79 84	698 64 80 95	\N	POLYCLINIQUE TSINGA
607	Mer. 20 Sept. 2023 à 8h - Jeu. 21 Sept. 2023 à 8h	AUMACHA	680 82 25 57	657 65 34 20 /	\N	MIMBOMAN PETIT MARCHÉ  derriére\nSAPEUR
610	Mer. 20 Sept. 2023 à 8h - Jeu. 21 Sept. 2023 à 8h	TROPICANA	673 22 71 44	\N	\N	entrée OFFICE DU BAC _ MVAN
611	Mer. 20 Sept. 2023 à 8h - Jeu. 21 Sept. 2023 à 8h	MOLIVA	222 23 00 82	\N	\N	MOBIL (OIL LYBIA) MADAGASCAR
612	Mer. 20 Sept. 2023 à 8h - Jeu. 21 Sept. 2023 à 8h	MESSA	222 22 53 54	694 28 73 04	\N	Entrée CAMP YEYAP _ MESSA
614	Mer. 20 Sept. 2023 à 8h - Jeu. 21 Sept. 2023 à 8h	BETHESDA	222 31 39 97	\N	\N	TAM-TAM WEEK-END
618	Mer. 20 Sept. 2023 à 8h - Jeu. 21 Sept. 2023 à 8h	MESSAMENDONGO	693 05 53 75	650 26 51 41	\N	Carrefour MESSAMENDONGO
616	Mer. 20 Sept. 2023 à 8h - Jeu. 21 Sept. 2023 à 8h	ETOUDI'	242 03 50 51	\N	\N	Face FOKOU ETOUDI
654	Ven. 15 Sept. 2023 à 8h - Sam. 16 Sept. 2023 à 8h	ELOBI	222 20 41 37	658 18 37 18	\N	MOKOLO ELOBI
655	Ven. 15 Sept. 2023 à 8h - Sam. 16 Sept. 2023 à 8h	MVOG-ADA	222 22 43 25	\N	\N	Carrefour. BOUT- CARRE MVOG-ADA
656	Ven. 15 Sept. 2023 à 8h - Sam. 16 Sept. 2023 à 8h	SANTE	222 22 30 03 /	690 10 02 40	\N	face HÔPITAL DE LA CAISSE
657	Ven. 15 Sept. 2023 à 8h - Sam. 16 Sept. 2023 à 8h	ATHERA	620 26 13 34	650 62 05 05	\N	TiTI GARAGE - Résidence VERTE
658	Ven. 15 Sept. 2023 à 8h - Sam. 16 Sept. 2023 à 8h	EFOULAN	242 06 74 26	\N	\N	à côté PALAIS CHARLES ATANGANA\n(EFOULAN)
659	Ven. 15 Sept. 2023 à 8h - Sam. 16 Sept. 2023 à 8h	SOTOWNEK	242 67 51 15	697 95 38 86	\N	Carrefour MEEC.
661	Ven. 15 Sept. 2023 à 8h - Sam. 16 Sept. 2023 à 8h	SIMBA'A	222 31 48 62	656 19 41 52 /	\N	Montée JOUVENCE MENDONG
664	Ven. 15 Sept. 2023 à 8h - Sam. 16 Sept. 2023 à 8h	PALAIS	691 54 16 18	\N	\N	après la STATION TOTAL ETOUDI
666	Ven. 15 Sept. 2023 à 8h - Sam. 16 Sept. 2023 à 8h	MINDILI	655 77 32 70	222 30 22 80	\N	Carrefour de L'AMITIE - EKOUMDOUM
667	Ven. 15 Sept. 2023 à 8h - Sam. 16 Sept. 2023 à 8h	MATURITE	655 44 91 38	672 31 10 98	\N	NEPTUNE _ ODZA
609	Mer. 20 Sept. 2023 à 8h - Jeu. 21 Sept. 2023 à 8h	ROSEE	242 15 60 16	\N	\N	Carrefour TRADEX ELEVEURS
670	Jeu. 14 Sept. 2023 à 8h - Ven. 15 Sept. 2023 à 8h	LYRIS	681 32 45 92	\N	\N	MIMBOMAN CHAPELLE  face Feicom
604	Mar. 19 Sept. 2023 à 8h - Mer. 20 Sept. 2023 à 8h	FOI	656 49 68 11	681 52 63 19	\N	PETIT MARCHE D'ODZA
673	Jeu. 14 Sept. 2023 à 8h - Ven. 15 Sept. 2023 à 8h	NKONDONGO	242 00 47 60	242 11 54 07	\N	NKONDONGO ECOLE
674	Jeu. 14 Sept. 2023 à 8h - Ven. 15 Sept. 2023 à 8h	GLOIRE	691 11 59 91	683 95 31 42	\N	300m après USINE DES EAUX \nNKOLBISSON
677	Jeu. 14 Sept. 2023 à 8h - Ven. 15 Sept. 2023 à 8h	NSIMEYONG	694 01 12 46	620 26 36 89	\N	Chapelle NSIMEYONG
678	Jeu. 14 Sept. 2023 à 8h - Ven. 15 Sept. 2023 à 8h	BRUXELLOISE	242 17 38 63	651 30 10 53	\N	après la station TRADEX EMANA
679	Jeu. 14 Sept. 2023 à 8h - Ven. 15 Sept. 2023 à 8h	NOBEL	690 30 18 18	\N	\N	Carrefour ANCIEN 6ième ETOUDI
680	Jeu. 14 Sept. 2023 à 8h - Ven. 15 Sept. 2023 à 8h	THERIAQUE	679 68 05 11	695 76 41 15	\N	A côté SOUS-PREFECTURE
681	Jeu. 14 Sept. 2023 à 8h - Ven. 15 Sept. 2023 à 8h	MESSAMENDONGO	693 05 53 75	650 26 51 41	\N	Carrefour MESSAMENDONGO
683	Mer. 13 Sept. 2023 à 8h - Jeu. 14 Sept. 2023 à 8h	FRANCAISE	222 22 14 76	677 62 08 47	\N	Face ancienne BICIC CENTRALE
686	Mer. 13 Sept. 2023 à 8h - Jeu. 14 Sept. 2023 à 8h	COLOMBE	699 10 43 73	654 83 64 71	\N	TEXACO OMNISPORT
602	Mar. 19 Sept. 2023 à 8h - Mer. 20 Sept. 2023 à 8h	BLEUE PLUS	222 21 14 92	\N	\N	face HOPITAL GENERAL
603	Mar. 19 Sept. 2023 à 8h - Mer. 20 Sept. 2023 à 8h	SAINT VICTOR ESSOMBA	672 87 87 33	\N	\N	MOSQUEE ESSOMBA
690	Mer. 13 Sept. 2023 à 8h - Jeu. 14 Sept. 2023 à 8h	MANDELA	242 79 29 85	\N	\N	Face CHU
676	Jeu. 14 Sept. 2023 à 8h - Ven. 15 Sept. 2023 à 8h	GRACE	242 04 15 61	\N	\N	MENDONG - Quincaillerie de la PAIX
665	Ven. 15 Sept. 2023 à 8h - Sam. 16 Sept. 2023 à 8h	PERSEVERANCE	243 84 41 35	243 84 67 75	\N	AWAE ESCALIER
1221	Mar. 01 Août. 2023 à 8h - Mer. 02 Août. 2023 à 8h	SAINT ANDRÉ CHATEAU	671 93 66 78	655 56 54 81	\N	Montée PARC _ face MATGENIE\nNKOLBIKOK PARC
1223	Mar. 01 Août. 2023 à 8h - Mer. 02 Août. 2023 à 8h	VOLUNTAS DEI	675 77 46 65	699 97 18 59	\N	BIYEM-ASSI LAC
1225	Mar. 01 Août. 2023 à 8h - Mer. 02 Août. 2023 à 8h	BLEUE PLUS	222 21 14 92	\N	\N	face HOPITAL GENERAL
1227	Mar. 01 Août. 2023 à 8h - Mer. 02 Août. 2023 à 8h	GOD'S GLORY PHARMACY	242 15 89 55	243 23 05 31	\N	Entrée KOWEIT CITY - ODZA
455	Sam. 30 Sept. 2023 à 8h - Lun 02 Oct. 2023 à 8h	K'FOUR MOTO GEORGES	242 19 28 27	698 01 05 19	\N	MOTO GEORGES
692	Mer. 13 Sept. 2023 à 8h - Jeu. 14 Sept. 2023 à 8h	UNIVERSELLE	650 71 43 82	698 18 29 08	\N	BIYEM-ASSI BISCUITERIE
693	Mer. 13 Sept. 2023 à 8h - Jeu. 14 Sept. 2023 à 8h	HERMES	243 64 11 81	677 98 70 76	\N	face BOULANGERIE NEZAFI _ EMANA
1208	Mer. 02 Août. 2023 à 8h - Jeu. 03 Août. 2023 à 8h	TERANGA	698 83 22 97	\N	\N	à 100m SUPERMARCHE DOVV
466	Sam. 30 Sept. 2023 à 8h - Lun 02 Oct. 2023 à 8h	RELAIS DE NKOMO	653 74 33 45	655 82 72 54	\N	PAROISSE NKOAYOS
697	Mar. 12 Sept. 2023 à 8h - Mer. 13 Sept. 2023 à 8h	CAMEROUNAISE	242 00 11 33	\N	\N	CATHEDRALE YAOUNDE
698	Mar. 12 Sept. 2023 à 8h - Mer. 13 Sept. 2023 à 8h	ALLIANCE	222 21 88 54	693 78 75 35	\N	ECOLE PUBLIQUE DE BASTOS
699	Mar. 12 Sept. 2023 à 8h - Mer. 13 Sept. 2023 à 8h	BOTANIK	694 73 54 60	\N	\N	SHAKESPEARE MIMBOMAN I
703	Mar. 12 Sept. 2023 à 8h - Mer. 13 Sept. 2023 à 8h	MOLIVA	222 23 00 82	\N	\N	MOBIL (OIL LYBIA) MADAGASCAR
704	Mar. 12 Sept. 2023 à 8h - Mer. 13 Sept. 2023 à 8h	QUEENS	656 77 61 78	670 37 80 09	\N	à côté TRADEX NKOLBIKOK
705	Mar. 12 Sept. 2023 à 8h - Mer. 13 Sept. 2023 à 8h	JERUSALEM	222 31 01 09	698 29 47 88	\N	Carrefour TKC - ETOUG-EBE
709	Mar. 12 Sept. 2023 à 8h - Mer. 13 Sept. 2023 à 8h	EKOUNOU	222 30 67 78	\N	\N	LABOGENIE EKOUNOU
713	Lun. 11 Sept. 2023 à 8h - Mar. 12 Sept. 2023 à 8h	EMMANUEL	222 20 02 44	\N	\N	MONTEE ECOLE DE POLICE
715	Lun. 11 Sept. 2023 à 8h - Mar. 12 Sept. 2023 à 8h	POPULAIRE	222 23 23 41	\N	\N	A côté SUPERMARCHÉ DOVV ESSOS
717	Lun. 11 Sept. 2023 à 8h - Mar. 12 Sept. 2023 à 8h	ESSELE	691 98 27 60	\N	\N	Carrefour DAMASE  face DEPÔT DE BOIS
720	Lun. 11 Sept. 2023 à 8h - Mar. 12 Sept. 2023 à 8h	PRINCIPALE	222 31 49 08	\N	\N	Entrée IRIC - Carrefour OBILI
721	Lun. 11 Sept. 2023 à 8h - Mar. 12 Sept. 2023 à 8h	DIGNITE	651 53 12 83	697 68 26 88	\N	OLEMBE _ Entrée ECOLE
723	Lun. 11 Sept. 2023 à 8h - Mar. 12 Sept. 2023 à 8h	H&L	696 61 39 74	680 93 36 62	\N	face Boulangerie Essomba
696	Mer. 13 Sept. 2023 à 8h - Jeu. 14 Sept. 2023 à 8h	FOI	656 49 68 11	681 52 63 19	\N	PETIT MARCHE D'ODZA
702	Mar. 12 Sept. 2023 à 8h - Mer. 13 Sept. 2023 à 8h	NSAM EFOULAN	242 19 40 81	222 31 98 59	\N	Carrefour NSAM
729	Sam. 09 Sept. 2023 à 8h - Lun. 11 Sept. 2023 à 8h	MONTESQUIEU	650 83 75 32	\N	\N	COLLEGE MONTESQUIEU - MVOG ADA
379	Ven. 06 Oct. 2023 à 8h - Sam. 07 Oct. 2023 à 8h	20 MAI	222 23 92 88	699 71 25 53	\N	AVENUE DU 20 MAI
701	Mar. 12 Sept. 2023 à 8h - Mer. 13 Sept. 2023 à 8h	ROSEE	242 15 60 16	\N	\N	Carrefour TRADEX ELEVEURS
728	Sam. 09 Sept. 2023 à 8h - Lun. 11 Sept. 2023 à 8h	JOURDAIN	676 88 95 25	\N	\N	à côté de l’Immeuble MACABO -
1185	Jeu. 03 Août. 2023 à 8h - Ven. 04 Août. 2023 à 8h	20 MAI	222 23 92 88	699 71 25 53	\N	AVENUE DU 20 MAI
734	Sam. 09 Sept. 2023 à 8h - Lun. 11 Sept. 2023 à 8h	ROYALE	222 22 32 17	242 06 11 01	\N	ELIG-EFFA
735	Sam. 09 Sept. 2023 à 8h - Lun. 11 Sept. 2023 à 8h	SIMBA'A	222 31 48 62	656 19 41 52 /	\N	Montée JOUVENCE MENDONG
707	Mar. 12 Sept. 2023 à 8h - Mer. 13 Sept. 2023 à 8h	SAINTE GABRIELLE	692 26 38 93	\N	\N	NYOM 1 - au Pont DJONASSI
737	Sam. 09 Sept. 2023 à 8h - Lun. 11 Sept. 2023 à 8h	BETHESDA	222 31 39 97	\N	\N	TAM-TAM WEEK-END
739	Sam. 09 Sept. 2023 à 8h - Lun. 11 Sept. 2023 à 8h	BAYARD	670 11 54 36	\N	\N	face HÔPITAL GYNECO OBSTÉTRIQUE
710	Mar. 12 Sept. 2023 à 8h - Mer. 13 Sept. 2023 à 8h	GOD'S GLORY PHARMACY	242 15 89 55	243 23 05 31	\N	Entrée KOWEIT CITY - ODZA
742	Sam. 09 Sept. 2023 à 8h - Lun. 11 Sept. 2023 à 8h	MINDILI	655 77 32 70	222 30 22 80	\N	Carrefour de L'AMITIE - EKOUMDOUM
743	Sam. 09 Sept. 2023 à 8h - Lun. 11 Sept. 2023 à 8h	MATURITE	655 44 91 38	672 31 10 98	\N	NEPTUNE _ ODZA
745	Ven. 08 Sept. 2023 à 8h - Sam. 09 Sept. 2023 à 8h	BASTOS	222 20 65 55	\N	\N	CARREF.BASTOS
746	Ven. 08 Sept. 2023 à 8h - Sam. 09 Sept. 2023 à 8h	GENEVOISE	679 69 27 80	657 83 10 64	\N	Nvlle Rte MIMBOMAN  Carrefour
459	Sam. 30 Sept. 2023 à 8h - Lun 02 Oct. 2023 à 8h	MVOG ATANGANA MBALLA	222 30 67 85	\N	\N	ENTREE M. MVOG-MBI
708	Mar. 12 Sept. 2023 à 8h - Mer. 13 Sept. 2023 à 8h	ETOUDI'	242 03 50 51	\N	\N	Face FOKOU ETOUDI
468	Sam. 30 Sept. 2023 à 8h - Lun 02 Oct. 2023 à 8h	GOD'S GLORY PHARMACY	242 15 89 55	243 23 05 31	\N	Entrée KOWEIT CITY - ODZA
469	Sam. 30 Sept. 2023 à 8h - Lun 02 Oct. 2023 à 8h	BETHEL PHARMACY	222 30 07 41	\N	\N	EKIE _ BOULANGERIE MERLOT
744	Ven. 08 Sept. 2023 à 8h - Sam. 09 Sept. 2023 à 8h	SAINT MARTIN	222 23 18 69	\N	\N	A COTE KATIOS
750	Ven. 08 Sept. 2023 à 8h - Sam. 09 Sept. 2023 à 8h	SIFA	659 60 58 43	\N	\N	face CHAPELLE MVOG-MBI
751	Ven. 08 Sept. 2023 à 8h - Sam. 09 Sept. 2023 à 8h	MARIJOVA	699 98 86 83	\N	\N	Entre Carrefour MEEC et DOVV - Nvlle\nroute NKOLBISSONG
754	Ven. 08 Sept. 2023 à 8h - Sam. 09 Sept. 2023 à 8h	ELITE	222 31 65 25	670 12 67 26	\N	Carrefour GP – MVOG-BETSI
755	Ven. 08 Sept. 2023 à 8h - Sam. 09 Sept. 2023 à 8h	OLEMBE	658 24 86 75	\N	\N	face STATION PETROLEX  OLEMBE
756	Ven. 08 Sept. 2023 à 8h - Sam. 09 Sept. 2023 à 8h	TONGOLO	222 20 94 85	657 95 18 18	\N	Carrefour CLUB YANNICK
758	Ven. 08 Sept. 2023 à 8h - Sam. 09 Sept. 2023 à 8h	MESSAMENDONGO	693 05 53 75	650 26 51 41	\N	Carrefour MESSAMENDONGO
762	Jeu. 07 Sept. 2023 à 8h - Ven. 08 Sept. 2023 à 8h	AUMACHA	680 82 25 57	657 65 34 20 /	\N	MIMBOMAN PETIT MARCHÉ  derriére\nSAPEUR
763	Jeu. 07 Sept. 2023 à 8h - Ven. 08 Sept. 2023 à 8h	SANTE	222 22 30 03 /	690 10 02 40	\N	face HÔPITAL DE LA CAISSE
764	Jeu. 07 Sept. 2023 à 8h - Ven. 08 Sept. 2023 à 8h	ATHERA	620 26 13 34	650 62 05 05	\N	TiTI GARAGE - Résidence VERTE
765	Jeu. 07 Sept. 2023 à 8h - Ven. 08 Sept. 2023 à 8h	TROPICANA	673 22 71 44	\N	\N	entrée OFFICE DU BAC _ MVAN
766	Jeu. 07 Sept. 2023 à 8h - Ven. 08 Sept. 2023 à 8h	SOTOWNEK	242 67 51 15	697 95 38 86	\N	Carrefour MEEC.
767	Jeu. 07 Sept. 2023 à 8h - Ven. 08 Sept. 2023 à 8h	MESSA	222 22 53 54	694 28 73 04	\N	Entrée CAMP YEYAP _ MESSA
753	Ven. 08 Sept. 2023 à 8h - Sam. 09 Sept. 2023 à 8h	BIYEM-ASSI	222 31 71 93	676 11 37 86	\N	face NIKI
771	Jeu. 07 Sept. 2023 à 8h - Ven. 08 Sept. 2023 à 8h	PALAIS	691 54 16 18	\N	\N	après la STATION TOTAL ETOUDI
1196	Jeu. 03 Août. 2023 à 8h - Ven. 04 Août. 2023 à 8h	MANGUIERS	242 06 04 09	694 02 64 61	\N	Rue DES MANGUIERS
773	Jeu. 07 Sept. 2023 à 8h - Ven. 08 Sept. 2023 à 8h	FOI	656 49 68 11	681 52 63 19	\N	PETIT MARCHE D'ODZA
779	Mer. 06 Sept. 2023 à 8h - Jeu. 07 Sept. 2023 à 8h	OLEZOA	222 23 93 37	\N	\N	MOBIL OLEZOA
780	Mer. 06 Sept. 2023 à 8h - Jeu. 07 Sept. 2023 à 8h	GLOIRE	691 11 59 91	683 95 31 42	\N	300m après USINE DES EAUX 
587	Jeu. 21 Sept. 2023 à 8h - Ven. 22 Sept. 2023 à 8h	MANGUIERS	242 06 04 09	694 02 64 61	\N	Rue DES MANGUIERS
783	Mer. 06 Sept. 2023 à 8h - Jeu. 07 Sept. 2023 à 8h	BRUXELLOISE	242 17 38 63	651 30 10 53	\N	après la station TRADEX EMANA
784	Mer. 06 Sept. 2023 à 8h - Jeu. 07 Sept. 2023 à 8h	NOBEL	690 30 18 18	\N	\N	Carrefour ANCIEN 6ième ETOUDI
457	Sam. 30 Sept. 2023 à 8h - Lun 02 Oct. 2023 à 8h	ELIG-EDZOA	677 71 81 27	\N	\N	face CASSE ELIG EDZOA
584	Jeu. 21 Sept. 2023 à 8h - Ven. 22 Sept. 2023 à 8h	ETOILE 	222 31 49 62	696 49 42 51	671 28 06 98	Montée MAISONS BLANCHES
748	Ven. 08 Sept. 2023 à 8h - Sam. 09 Sept. 2023 à 8h	SAINTE ANNE	696 48 84 87	653 19 27 79	\N	face Polyclinique FOUDA – quartier
791	Mar. 05 Sept. 2023 à 8h - Mer. 06 Sept. 2023 à 8h	COLOMBE	699 10 43 73	654 83 64 71	\N	TEXACO OMNISPORT
749	Ven. 08 Sept. 2023 à 8h - Sam. 09 Sept. 2023 à 8h	PRIORITE SANTE	671 02 52 81	656 10 94 95	\N	Brigade de Gendarmerie de\nNKOLMESSENG
1224	Mar. 01 Août. 2023 à 8h - Mer. 02 Août. 2023 à 8h	EMANA	222 21 42 94	\N	\N	à côté du Supermarché Noblesse - EMANA
782	Mer. 06 Sept. 2023 à 8h - Jeu. 07 Sept. 2023 à 8h	ACACIAS	699 61 96 54	\N	\N	BIYEM-ASSI CENTRE
752	Ven. 08 Sept. 2023 à 8h - Sam. 09 Sept. 2023 à 8h	SAINT ANDRÉ CHATEAU	671 93 66 78	655 56 54 81	\N	Montée PARC _ face MATGENIE
797	Mar. 05 Sept. 2023 à 8h - Mer. 06 Sept. 2023 à 8h	HERMES	243 64 11 81	677 98 70 76	\N	face BOULANGERIE NEZAFI _ EMANA
799	Mar. 05 Sept. 2023 à 8h - Mer. 06 Sept. 2023 à 8h	PERSEVERANCE	243 84 41 35	243 84 67 75	\N	AWAE ESCALIER
926	Ven. 25 Août. 2023 à 8h - Sam. 26 Août. 2023 à 8h	SOLEIL	222 22 14 23	\N	\N	CINEMA ABBIA
776	Mer. 06 Sept. 2023 à 8h - Jeu. 07 Sept. 2023 à 8h	BALANCE	222 23 70 74	\N	\N	CARREF.ANGUISSA
757	Ven. 08 Sept. 2023 à 8h - Sam. 09 Sept. 2023 à 8h	SANTE & VIE	682 24 74 78	\N	\N	face GP BITENG
1	Sam. 04 Nov. 2023 à 8h - Lun. 06 Nov. 2023 à 8h	MARCHE CENTRAL	242 01 50 46	690 30 75 88	\N	MARCHE CENTRAL
803	Lun. 04 Sept. 2023 à 8h - Mar. 05 Sept. 2023 à 8h	PROVINCIALE	222 20 94 93	6 96 31 65 86 /	\N	NLONGKAK PREFECTURE
804	Lun. 04 Sept. 2023 à 8h - Mar. 05 Sept. 2023 à 8h	ISIS	222 23 35 78	\N	\N	EMOMBO 2ième CARREFOUR
813	Lun. 04 Sept. 2023 à 8h - Mar. 05 Sept. 2023 à 8h	ETOUDI	242 03 50 51	\N	\N	Face FOKOU ETOUDI
807	Lun. 04 Sept. 2023 à 8h - Mar. 05 Sept. 2023 à 8h	CODEX	242 07 59 88	\N	\N	AHALA 1  Entrée PHARMACAM
808	Lun. 04 Sept. 2023 à 8h - Mar. 05 Sept. 2023 à 8h	MOLIVA	222 23 00 82	\N	\N	MOBIL (OIL LYBIA) MADAGASCAR
814	Lun. 04 Sept. 2023 à 8h - Mar. 05 Sept. 2023 à 8h	THERIAQUE	679 68 05 11	695 76 41 15	\N	A côté SOUS-PREFECTURE\nNKONDENGUI
816	Lun. 04 Sept. 2023 à 8h - Mar. 05 Sept. 2023 à 8h	EKOUMDOUM	650 85 30 31	620 02 44 92	\N	HAPPY EKOUMDOUM
817	Sam. 02 Sept. 2023 à 8h - Lun. 04 Sept. 2023 à 8h	SION	222 22 20 21	\N	\N	TEXACO MARCHE CENTRAL
819	Sam. 02 Sept. 2023 à 8h - Lun. 04 Sept. 2023 à 8h	KETCHY	222 23 90 22	\N	\N	MADAGASCAR
820	Sam. 02 Sept. 2023 à 8h - Lun. 04 Sept. 2023 à 8h	MVOG-ADA	222 22 43 25	\N	\N	Carrefour. BOUT- CARRE MVOG-ADA
821	Sam. 02 Sept. 2023 à 8h - Lun. 04 Sept. 2023 à 8h	POPULAIRE	222 23 23 41	\N	\N	A côté SUPERMARCHÉ DOVV ESSOS
823	Sam. 02 Sept. 2023 à 8h - Lun. 04 Sept. 2023 à 8h	EFOULAN	242 06 74 26	\N	\N	à côté PALAIS CHARLES ATANGANA\n(EFOULAN)
828	Sam. 02 Sept. 2023 à 8h - Lun. 04 Sept. 2023 à 8h	UNIVERSELLE	650 71 43 82	698 18 29 08	\N	BIYEM-ASSI BISCUITERIE
829	Sam. 02 Sept. 2023 à 8h - Lun. 04 Sept. 2023 à 8h	DIGNITE	651 53 12 83	697 68 26 88	\N	OLEMBE _ Entrée ECOLE
832	Sam. 02 Sept. 2023 à 8h - Lun. 04 Sept. 2023 à 8h	H&L	696 61 39 74	680 93 36 62	\N	face Boulangerie Essomba
833	Sam. 02 Sept. 2023 à 8h - Lun. 04 Sept. 2023 à 8h	MESSAMENDONGO	693 05 53 75	650 26 51 41	\N	Carrefour MESSAMENDONGO
835	Ven. 01 Sept. 2023 à 8h - Sam. 02 Sept. 2023 à 8h	URBAINE	222 23 49 11	697 55 15 56	\N	Montée ANE ROUGE - HÔTEL ROYAL
867	Mer. 30 Août. 2023 à 8h - Jeu. 31 Août. 2023 à 8h	BOTANIK	694 73 54 60	\N	\N	SHAKESPEARE MIMBOMAN I
868	Mer. 30 Août. 2023 à 8h - Jeu. 31 Août. 2023 à 8h	SANTE	222 22 30 03 /	690 10 02 40	\N	face HÔPITAL DE LA CAISSE
869	Mer. 30 Août. 2023 à 8h - Jeu. 31 Août. 2023 à 8h	ATHERA	620 26 13 34	650 62 05 05	\N	TiTI GARAGE - Résidence VERTE
871	Mer. 30 Août. 2023 à 8h - Jeu. 31 Août. 2023 à 8h	SOTOWNEK	242 67 51 15	697 95 38 86	\N	Carrefour MEEC.
872	Mer. 30 Août. 2023 à 8h - Jeu. 31 Août. 2023 à 8h	QUEENS	656 77 61 78	670 37 80 09	\N	à côté TRADEX NKOLBIKOK
826	Sam. 02 Sept. 2023 à 8h - Lun. 04 Sept. 2023 à 8h	BIYEM-ASSI	222 31 71 93	676 11 37 86	\N	face NIKI
875	Mer. 30 Août. 2023 à 8h - Jeu. 31 Août. 2023 à 8h	PALAIS	691 54 16 18	\N	\N	après la STATION TOTAL ETOUDI
876	Mer. 30 Août. 2023 à 8h - Jeu. 31 Août. 2023 à 8h	H&L	696 61 39 74	680 93 36 62	\N	face Boulangerie Essomba
880	Mar. 29 Août. 2023 à 8h - Mer. 30 Août. 2023 à 8h	ALLIANCE	222 21 88 54	693 78 75 35	\N	ECOLE PUBLIQUE DE BASTOS
827	Sam. 02 Sept. 2023 à 8h - Lun. 04 Sept. 2023 à 8h	GRACE	242 04 15 61	\N	\N	MENDONG - Quincaillerie de la PAIX
806	Lun. 04 Sept. 2023 à 8h - Mar. 05 Sept. 2023 à 8h	ROSEE	242 15 60 16	\N	\N	Carrefour TRADEX ELEVEURS
884	Mar. 29 Août. 2023 à 8h - Mer. 30 Août. 2023 à 8h	ESSELE	691 98 27 60	\N	\N	Carrefour DAMASE  face DEPÔT DE BOIS
885	Mar. 29 Août. 2023 à 8h - Mer. 30 Août. 2023 à 8h	GLOIRE	691 11 59 91	683 95 31 42	\N	300m après USINE DES EAUX 
810	Lun. 04 Sept. 2023 à 8h - Mar. 05 Sept. 2023 à 8h	BEATO MEMASO	222 31 57 52	\N	\N	Lycée d'ETOUG-EBE _ Montée SCIENCE
824	Sam. 02 Sept. 2023 à 8h - Lun. 04 Sept. 2023 à 8h	BLED	674 43 15 22	\N	\N	Carrefour CARAMBA - NKOLBISSON
24	Jeu. 02 Nov. 2023 à 8h - Ven. 03 Nov. 2023 à 8h	STADE OMNISPORT	222 20 67 10	\N	\N	STADE OMNISPORT
30	Jeu. 02 Nov. 2023 à 8h - Ven. 03 Nov. 2023 à 8h	CENTRE MESSASSI	670.36.79.82	696.22.05.82	\N	Carrefour MESSASSI
48	Jeu. 02 Nov. 2023 à 8h - Ven. 03 Nov. 2023 à 8h	CYGNE ODZA	657 35 88 25	222 30 13 76	\N	face TOTAL BORNE 10 - ODZA
64	Mer. 01 Nov. 2023 à 8h - Jeu. 02 Nov. 2023 à 8h	BIEN ETRE	677 33 80 28	\N	\N	ELIG ESSONO (face HÔTEL GRAND
66	Mar. 31 Oct. 2023 à 8h - Mer. 01 Nov. 2023 à 8h	CHATEAU DE MIMBOMAN 	242 06 22 98	\N	\N	CHAPELLE D'EMOMBO
68	Mar. 31 Oct. 2023 à 8h - Mer. 01 Nov. 2023 à 8h	LYCEE BILINGUE	222 22 98 37	242 72 22 03	\N	Carrefour HÔTEL DU PLATEAU
851	Jeu. 31 Août. 2023 à 8h - Ven. 01 Sept. 2023 à 8h	MEMORIAL	674 09 23 87	222 30 05 81	\N	Carrefour Iptec à Nkolndongo
836	Ven. 01 Sept. 2023 à 8h - Sam. 02 Sept. 2023 à 8h	ELOBI	222 20 41 37	658 18 37 18	\N	MOKOLO ELOBI
837	Ven. 01 Sept. 2023 à 8h - Sam. 02 Sept. 2023 à 8h	LYRIS	681 32 45 92	\N	\N	MIMBOMAN CHAPELLE  face Feicom
849	Jeu. 31 Août. 2023 à 8h - Ven. 01 Sept. 2023 à 8h	XAVYO	222 23 63 40	\N	\N	MESS DES OFFICIERS
852	Jeu. 31 Août. 2023 à 8h - Ven. 01 Sept. 2023 à 8h	CRYSTALLIS	242 71 05 86	667 08 95 63	\N	Carrefour ETOA MEKI
1230	Lun. 31 Juil. 2023 à 8h - Mar. 01 Août. 2023 à 8h	HORTENSIA  les	243 60 79 84	698 64 80 95	\N	POLYCLINIQUE TSINGA
856	Jeu. 31 Août. 2023 à 8h - Ven. 01 Sept. 2023 à 8h	MARIJOVA	699 98 86 83	\N	\N	Entre Carrefour MEEC et DOVV - Nvlle\nroute NKOLBISSONG
857	Jeu. 31 Août. 2023 à 8h - Ven. 01 Sept. 2023 à 8h	MANDELA	242 79 29 85	\N	\N	Face CHU
858	Jeu. 31 Août. 2023 à 8h - Ven. 01 Sept. 2023 à 8h	JERUSALEM	222 31 01 09	698 29 47 88	\N	Carrefour TKC - ETOUG-EBE
859	Jeu. 31 Août. 2023 à 8h - Ven. 01 Sept. 2023 à 8h	PRINCIPALE	222 31 49 08	\N	\N	Entrée IRIC - Carrefour OBILI
860	Jeu. 31 Août. 2023 à 8h - Ven. 01 Sept. 2023 à 8h	OLEMBE	658 24 86 75	\N	\N	face STATION PETROLEX  OLEMBE
861	Jeu. 31 Août. 2023 à 8h - Ven. 01 Sept. 2023 à 8h	TONGOLO	222 20 94 85	657 95 18 18	\N	Carrefour CLUB YANNICK
862	Jeu. 31 Août. 2023 à 8h - Ven. 01 Sept. 2023 à 8h	EKOUNOU	222 30 67 78	\N	\N	LABOGENIE EKOUNOU
1229	Lun. 31 Juil. 2023 à 8h - Mar. 01 Août. 2023 à 8h	URBAINE	222 23 49 11	697 55 15 56	\N	Montée ANE ROUGE - HÔTEL ROYAL
1231	Lun. 31 Juil. 2023 à 8h - Mar. 01 Août. 2023 à 8h	AUMACHA	680 82 25 57	657 65 34 20 /	\N	MIMBOMAN PETIT MARCHÉ  derriére
1234	Lun. 31 Juil. 2023 à 8h - Mar. 01 Août. 2023 à 8h	TROPICANA	673 22 71 44	\N	\N	entrée OFFICE DU BAC _ MVAN
1236	Lun. 31 Juil. 2023 à 8h - Mar. 01 Août. 2023 à 8h	MESSA	222 22 53 54	694 28 73 04	\N	Entrée CAMP YEYAP _ MESSA
1238	Lun. 31 Juil. 2023 à 8h - Mar. 01 Août. 2023 à 8h	CANA	222 20 97 51	\N	\N	Carrefour JAMOT
1239	Lun. 31 Juil. 2023 à 8h - Mar. 01 Août. 2023 à 8h	BAYARD	670 11 54 36	\N	\N	face HÔPITAL GYNECO OBSTÉTRIQUE
840	Ven. 01 Sept. 2023 à 8h - Sam. 02 Sept. 2023 à 8h	NKONDONGO	242 00 47 60	242 11 54 07	\N	NKONDONGO ECOLE
844	Ven. 01 Sept. 2023 à 8h - Sam. 02 Sept. 2023 à 8h	NSIMEYONG	694 01 12 46	620 26 36 89	\N	Chapelle NSIMEYONG
845	Ven. 01 Sept. 2023 à 8h - Sam. 02 Sept. 2023 à 8h	CANA	222 20 97 51	\N	\N	Carrefour JAMOT
846	Ven. 01 Sept. 2023 à 8h - Sam. 02 Sept. 2023 à 8h	BAYARD	670 11 54 36	\N	\N	face HÔPITAL GYNECO OBSTÉTRIQUE
850	Jeu. 31 Août. 2023 à 8h - Ven. 01 Sept. 2023 à 8h	K'FOUR MOTO GEORGES	242 19 28 27	698 01 05 19	\N	MOTO GEORGES
70	Mar. 31 Oct. 2023 à 8h - Mer. 01 Nov. 2023 à 8h	CYPRES 	242 06 47 59	\N	\N	1ier Carrefour NKOLBISSON
76	Mar. 31 Oct. 2023 à 8h - Mer. 01 Nov. 2023 à 8h	RELAIS DE NKOMO 	653 74 33 45	655 82 72 54	\N	PAROISSE NKOAYOS
83	Sam. 28 Oct. 2023 à 8h - Lun. 30 Oct. 2023 à 8h	REFERENCE 	242 04 25 96	652 62 36 72 /	\N	TRANSFORMATEUR NGOUSSO
94	Sam. 28 Oct. 2023 à 8h - Lun. 30 Oct. 2023 à 8h	BON BERGER	242 60 67 77	6 99 98 51 68	691 24 86 07	NOUVELLE ROUTE OMNISPORTS - Rue\nFOE
95	Sam. 28 Oct. 2023 à 8h - Lun. 30 Oct. 2023 à 8h	CHAPELLE  NGOUSSO	222 21 33 21	\N	\N	CHAPELLE NGOUSSO
102	Sam. 28 Oct. 2023 à 8h - Lun. 30 Oct. 2023 à 8h	RELAIS DE NKOMO	653 74 33 45	655 82 72 54	\N	PAROISSE NKOAYOS
848	Ven. 01 Sept. 2023 à 8h - Sam. 02 Sept. 2023 à 8h	FOI	656 49 68 11	681 52 63 19	\N	PETIT MARCHE D'ODZA
853	Jeu. 31 Août. 2023 à 8h - Ven. 01 Sept. 2023 à 8h	SAINTE ANNE	696 48 84 87	653 19 27 79	\N	face Polyclinique FOUDA – quartier
854	Jeu. 31 Août. 2023 à 8h - Ven. 01 Sept. 2023 à 8h	PRIORITE SANTE	671 02 52 81	656 10 94 95	\N	Brigade de Gendarmerie de\nNKOLMESSENG
864	Jeu. 31 Août. 2023 à 8h - Ven. 01 Sept. 2023 à 8h	BETHEL PHARMACY	222 30 07 41	\N	\N	EKIE _ BOULANGERIE MERLOT
104	Sam. 28 Oct. 2023 à 8h - Lun. 30 Oct. 2023 à 8h	CYGNE ODZA	657 35 88 25	222 30 13 76	\N	face TOTAL BORNE 10 - ODZA
123	Ven. 27 Oct. 2023 à 8h - Sam. 28 Oct. 2023 à 8h	BALANCE 	222 23 70 74	\N	\N	CARREF.ANGUISSA
130	Ven. 27 Oct. 2023 à 8h - Sam. 28 Oct. 2023 à 8h	ETOILE 	222 31 49 62	696 49 42 51	671 28 06 98	Montée MAISONS BLANCHES
141	Mer. 25 Oct. 2023 à 8h - Jeu. 26 Oct. 2023 à 8h	STADE OMNISPORT	222 20 67 10	\N	\N	STADE OMNISPORT
144	Mer. 25 Oct. 2023 à 8h - Jeu. 26 Oct. 2023 à 8h	VIE 	222 22 67 87	\N	\N	face FOKOU MOKOLO
147	Mer. 25 Oct. 2023 à 8h - Jeu. 26 Oct. 2023 à 8h	CENTRE MESSASSI	670.36.79.82	696.22.05.82	\N	Carrefour MESSASSI
155	Mar. 24 Oct. 2023 à 8h - Mer. 25 Oct. 2023 à 8h	LYCEE BILINGUE 	222 22 98 37	242 72 22 03	\N	Carrefour HÔTEL DU PLATEAU
157	Mar. 24 Oct. 2023 à 8h - Mer. 25 Oct. 2023 à 8h	CYPRES 	242 06 47 59	\N	\N	1ier Carrefour NKOLBISSON
605	Mer. 20 Sept. 2023 à 8h - Jeu. 21 Sept. 2023 à 8h	20 MAI	222 23 92 88	699 71 25 53	\N	AVENUE DU 20 MAI
168	Sam. 21 Oct. 2023 à 8h - Lun. 23 Oct. 2023 à 8h	MEMORIAL 	674 09 23 87	222 30 05 81	\N	Carrefour Iptec à Nkolndongo
170	Sam. 21 Oct. 2023 à 8h - Lun. 23 Oct. 2023 à 8h	REFERENCE 	242 04 25 96	652 62 36 72 /	\N	TRANSFORMATEUR NGOUSSO
171	Sam. 21 Oct. 2023 à 8h - Lun. 23 Oct. 2023 à 8h	AHALA  	690 80 93 02	682 93 60 72	\N	Barrière AHALA
175	Sam. 21 Oct. 2023 à 8h - Lun. 23 Oct. 2023 à 8h	ETOILE 	222 31 49 62	696 49 42 51	671 28 06 98	Montée MAISONS BLANCHES
186	Lun. 23 Oct. 2023 à 8h - Mar. 24 Oct. 2023 à 8h	CITE 	691 43 50 45	\N	\N	TITI GARAGE - A COTE DU QUEBEC
200	Ven. 20 Oct. 2023 à 8h - Sam. 21 Oct. 2023 à 8h	BON BERGER	242 60 67 77	6 99 98 51 68	691 24 86 07	NOUVELLE ROUTE OMNISPORTS - Rue\nFOE
201	Ven. 20 Oct. 2023 à 8h - Sam. 21 Oct. 2023 à 8h	CHAPELLE  NGOUSSO	222 21 33 21	\N	\N	CHAPELLE NGOUSSO
207	Ven. 20 Oct. 2023 à 8h - Sam. 21 Oct. 2023 à 8h	EMANA 	222 21 42 94	\N	\N	à côté du Supermarché Noblesse - EMANA
209	Ven. 20 Oct. 2023 à 8h - Sam. 21 Oct. 2023 à 8h	RELAIS DE NKOMO 	653 74 33 45	655 82 72 54	\N	PAROISSE NKOAYOS
212	Jeu. 19 Oct. 2023 à 8h - Ven. 20 Oct. 2023 à 8h	MARCHE 	242 01 50 46	690 30 75 88	\N	MARCHE CENTRAL
214	Jeu. 19 Oct. 2023 à 8h - Ven. 20 Oct. 2023 à 8h	CHATEAU DE MIMBOMAN 	242 06 22 98	\N	\N	CHAPELLE D'EMOMBO
215	Jeu. 19 Oct. 2023 à 8h - Ven. 20 Oct. 2023 à 8h	CRYSTALLIS 	242 71 05 86	667 08 95 63	\N	Carrefour ETOA MEKI
221	Jeu. 19 Oct. 2023 à 8h - Ven. 20 Oct. 2023 à 8h	TERANGA 	698 83 22 97	\N	\N	à 100m SUPERMARCHE DOVV\nMENDONG
235	Mar. 17 Oct. 2023 à 8h - Mer. 18 Oct. 2023 à 8h	BEATITUDES 	242 03 75 82	677 96 21 16	\N	Carrefour LYCEE DE BIYEM - ASSI
236	Mar. 17 Oct. 2023 à 8h - Mer. 18 Oct. 2023 à 8h	CENTRE MESSASSI	670.36.79.82	696.22.05.82	\N	Carrefour MESSASSI
256	Lun. 16 Oct. 2023 à 8h - Mar. 17 Oct. 2023 à 8h	BIEN ETRE \n	677 33 80 28	\N	\N	ELIG ESSONO (face HÔTEL GRAND
1094	Jeu. 10 Août. 2023 à 8h - Ven. 11 Août. 2023 à 8h	VERSET	222 20 95 07	\N	\N	DERRIERE CINEMA REX
653	Ven. 15 Sept. 2023 à 8h - Sam. 16 Sept. 2023 à 8h	MARCHE  CENTRAL	242 01 50 46	690 30 75 88	\N	MARCHE CENTRAL
310	Ven. 13 Oct. 2023 à 8h - Sam. 14 Oct. 2023 à 8h	UNIVERSITE YAOUNDE I 	222 23 30 48	672 91 08 08	\N	Carrefour CETIC NGOA EKELE
317	Mer. 11 Oct. 2023 à 8h - Jeu. 12 Oct. 2023 à 8h	INTENDANCE 	222 22 46 94	\N	\N	Carrefour INTENDANCE
372	Lun. 09 Oct. 2023 à 8h - Mar. 10 Oct. 2023 à 8h	ETOILE 	222 31 49 62	696 49 42 51	671 28 06 98	Montée MAISONS BLANCHES
687	Mer. 13 Sept. 2023 à 8h - Jeu. 14 Sept. 2023 à 8h	LYCEE BILINGUE	222 22 98 37	242 72 22 03	\N	Carrefour HÔTEL DU PLATEAU
778	Mer. 06 Sept. 2023 à 8h - Jeu. 07 Sept. 2023 à 8h	STADE OMNISPORT	222 20 67 10	\N	\N	STADE OMNISPORT
883	Mar. 29 Août. 2023 à 8h - Mer. 30 Août. 2023 à 8h	STADE OMNISPORT	222 20 67 10	\N	\N	STADE OMNISPORT
479	Jeu. 28 Sept. 2023 à 8h - Ven. 29 Sept. 2023 à 8h	VOLUNTAS DEI	675 77 46 65	699 97 18 59	\N	BIYEM-ASSI LAC
480	Jeu. 28 Sept. 2023 à 8h - Ven. 29 Sept. 2023 à 8h	SAINTE GABRIELLE	692 26 38 93	\N	\N	NYOM 1 - au Pont DJONASSI
493	Ven. 29 Sept. 2023 à 8h - Sam. 30 Sept. 2023 à 8h	OBILI CHAPELLE	222 31 81 22	694 28 56 83 /	\N	CHAPELLE OBILI
496	Ven. 29 Sept. 2023 à 8h - Sam. 30 Sept. 2023 à 8h	SAINT VICTOR ESSOMBA	672 87 87 33	\N	\N	MOSQUEE ESSOMBA
517	Mar. 26 Sept. 2023 à 8h - Mer. 27 Sept. 2023 à 8h	BON BERGER	242 60 67 77	6 99 98 51 68	691 24 86 07	NOUVELLE ROUTE OMNISPORTS - Rue\nFOE
506	Mer. 27 Sept. 2023 à 8h - Jeu. 28 Sept. 2023 à 8	CARREFOUR EMIA	222 23 42 07	222 23 00 86 /	\N	EMIA
508	Mer. 27 Sept. 2023 à 8h - Jeu. 28 Sept. 2023 à 8	MELEN 8	222 31 68 63	242 08 31 89	\N	Carrefour BIYEM-ASSI
510	Mer. 27 Sept. 2023 à 8h - Jeu. 28 Sept. 2023 à 8	BLEUE PLUS	222 21 14 92	\N	\N	face HOPITAL GENERAL
514	Mar. 26 Sept. 2023 à 8h - Mer. 27 Sept. 2023 à 8h	SAINT MARTIN	222 23 18 69	\N	\N	A COTE KATIOS
515	Mar. 26 Sept. 2023 à 8h - Mer. 27 Sept. 2023 à 8h	GRANDE PHARMACIE DES\nLUMIERES	222 20 58 55	\N	\N	ROND-POINT NLONGKAK
520	Mar. 26 Sept. 2023 à 8h - Mer. 27 Sept. 2023 à 8h	OYOM ABANG	699 93 11 81	673 28 49 44	\N	PLACE DU MARCHE
495	Ven. 29 Sept. 2023 à 8h - Sam. 30 Sept. 2023 à 8h	MANGUIERS	242 06 04 09	694 02 64 61	\N	Rue DES MANGUIERS
537	Sam. 23 Sept. 2023 à 8h - Lun. 25 Sept. 2023 à 8h	7 COLLINES	222 22 65 71	\N	\N	Immeuble FEUGUIF _MINI FERME
518	Mar. 26 Sept. 2023 à 8h - Mer. 27 Sept. 2023 à 8h	CHAPELLE NGOUSSO	222 21 33 21	\N	\N	CHAPELLE NGOUSSO
565	Ven. 22 Sept. 2023 à 8h - Sam. 23 Sept. 2023 à 8h	STADE OMNISPORT	222 20 67 10	\N	\N	STADE OMNISPORT
485	Ven. 29 Sept. 2023 à 8h - Sam. 30 Sept. 2023 à 8h	BIEN ETRE	677 33 80 28	\N	\N	ELIG ESSONO (face HÔTEL GRAND
598	Mar. 19 Sept. 2023 à 8h - Mer. 20 Sept. 2023 à 8h	SAINTE BERNADETTE	691 30 34 90	650 68 49 78	\N	CRADAT
599	Mar. 19 Sept. 2023 à 8h - Mer. 20 Sept. 2023 à 8h	GET BETTER	655 33 16 36 /	\N	\N	Carrefour du CENTRE DES HANDICAPES
600	Mar. 19 Sept. 2023 à 8h - Mer. 20 Sept. 2023 à 8h	OBILI CHAPELLE	222 31 81 22	694 28 56 83 /	\N	CHAPELLE OBILI
608	Mer. 20 Sept. 2023 à 8h - Jeu. 21 Sept. 2023 à 8h	CITE QUEBEC	691 43 50 45	\N	\N	TITI GARAGE - A COTE DU QUEBEC
615	Mer. 20 Sept. 2023 à 8h - Jeu. 21 Sept. 2023 à 8h	SAINTE GABRIELLE	692 26 38 93	\N	\N	NYOM 1 - au Pont DJONASSI
617	Mer. 20 Sept. 2023 à 8h - Jeu. 21 Sept. 2023 à 8h	SANTE & VIE	682 24 74 78	\N	\N	face GP BITENG
619	Mer. 20 Sept. 2023 à 8h - Jeu. 21 Sept. 2023 à 8h	SAINTE URIEL	693 74 14 05	652 73 22 65	\N	DERNIER POTEAU _ EKIE
662	Ven. 15 Sept. 2023 à 8h - Sam. 16 Sept. 2023 à 8h	MELEN 8	222 31 68 63	242 08 31 89	\N	Carrefour BIYEM-ASSI
669	Jeu. 14 Sept. 2023 à 8h - Ven. 15 Sept. 2023 à 8h	K'FOUR MOTO GEORGES	242 19 28 27	698 01 05 19	\N	MOTO GEORGES
675	Jeu. 14 Sept. 2023 à 8h - Ven. 15 Sept. 2023 à 8h	CARREFOUR EMIA	222 23 42 07	222 23 00 86 /	\N	EMIA
682	Jeu. 14 Sept. 2023 à 8h - Ven. 15 Sept. 2023 à 8h	SAINTE URIEL	693 74 14 05	652 73 22 65	\N	DERNIER POTEAU _ EKIE
497	Ven. 29 Sept. 2023 à 8h - Sam. 30 Sept. 2023 à 8h	ODZA	691 86 77 72	\N	\N	Carrefour MBOG-ABANG
519	Mar. 26 Sept. 2023 à 8h - Mer. 27 Sept. 2023 à 8h	AHALA 	690 80 93 02	682 93 60 72	\N	Barrière AHALA
622	Mer. 04 Oct. 2023 à 8h - Jeu. 05 Oct. 2023 à 8h	FLECHE	696 29 28 89	678 30 77 04	\N	MIMBOMAN TERMINUS
711	Mar. 12 Sept. 2023 à 8h - Mer. 13 Sept. 2023 à 8h	BETHEL PHARMACY	222 30 07 41	\N	\N	EKIE _ BOULANGERIE MERLOT
307	Ven. 13 Oct. 2023 à 8h - Sam. 14 Oct. 2023 à 8h	REFERENCE	242 04 25 96	652 62 36 72 /	\N	TRANSFORMATEUR NGOUSSO
524	Mar. 26 Sept. 2023 à 8h - Mer. 27 Sept. 2023 à 8h	EMANA'	222 21 42 94	\N	\N	à côté du Supermarché Noblesse - EMANA
1218	Mar. 01 Août. 2023 à 8h - Mer. 02 Août. 2023 à 8h	REFERENCE	242 04 25 96	652 62 36 72 /	\N	TRANSFORMATEUR NGOUSSO
671	Jeu. 14 Sept. 2023 à 8h - Ven. 15 Sept. 2023 à 8h	ELIG-EDZOA	677 71 81 27	\N	\N	face CASSE ELIG EDZOA
716	Lun. 11 Sept. 2023 à 8h - Mar. 12 Sept. 2023 à 8h	REFERENCE	242 04 25 96	652 62 36 72 /	\N	TRANSFORMATEUR NGOUSSO
456	Sam. 30 Sept. 2023 à 8h - Lun 02 Oct. 2023 à 8h	FLECHE	696 29 28 89	678 30 77 04	\N	MIMBOMAN TERMINUS
688	Mer. 13 Sept. 2023 à 8h - Jeu. 14 Sept. 2023 à 8h	AHALA	690 80 93 02	682 93 60 72	\N	Barrière AHALA
498	Ven. 29 Sept. 2023 à 8h - Sam. 30 Sept. 2023 à 8h	MINKAN	697 24 77 75	673 49 07 17	\N	MINKAN entrée par Carrefour TERMINUS\nODZA
564	Ven. 22 Sept. 2023 à 8h - Sam. 23 Sept. 2023 à 8h	ELIG-EDZOA 	677 71 81 27	\N	\N	face CASSE ELIG EDZOA
700	Mar. 12 Sept. 2023 à 8h - Mer. 13 Sept. 2023 à 8h	CITE QUEBEC	691 43 50 45	\N	\N	TITI GARAGE - A COTE DU QUEBEC
719	Lun. 11 Sept. 2023 à 8h - Mar. 12 Sept. 2023 à 8h	7 COLLINES	222 22 65 71	\N	\N	Immeuble FEUGUIF _ MINI FERME
722	Lun. 11 Sept. 2023 à 8h - Mar. 12 Sept. 2023 à 8h	BLEUE PLUS	222 21 14 92	\N	\N	face HOPITAL GENERAL
727	Sam. 09 Sept. 2023 à 8h - Lun. 11 Sept. 2023 à 8h	GRANDE PHARMACIE DES\nLUMIERES	222 20 58 55	\N	\N	ROND-POINT NLONGKAK
733	Sam. 09 Sept. 2023 à 8h - Lun. 11 Sept. 2023 à 8h	OYOM ABANG	699 93 11 81	673 28 49 44	\N	PLACE DU MARCHE
741	Sam. 09 Sept. 2023 à 8h - Lun. 11 Sept. 2023 à 8h	SAINT VICTOR ESSOMBA	672 87 87 33	\N	\N	MOSQUEE ESSOMBA
730	Sam. 09 Sept. 2023 à 8h - Lun. 11 Sept. 2023 à 8h	BON BERGER	242 60 67 77	6 99 98 51 68	\N	NOUVELLE ROUTE OMNISPORTS - Rue
759	Ven. 08 Sept. 2023 à 8h - Sam. 09 Sept. 2023 à 8h	SAINTE URIEL	693 74 14 05	652 73 22 65	\N	DERNIER POTEAU _ EKIE
768	Jeu. 07 Sept. 2023 à 8h - Ven. 08 Sept. 2023 à 8h	GET BETTER	655 33 16 36 /	\N	\N	Carrefour du CENTRE DES HANDICAPES
769	Jeu. 07 Sept. 2023 à 8h - Ven. 08 Sept. 2023 à 8h	OBILI CHAPELLE	222 31 81 22	694 28 56 83 /	\N	CHAPELLE OBILI
772	Jeu. 07 Sept. 2023 à 8h - Ven. 08 Sept. 2023 à 8h	SAINT VICTOR ESSOMBA	672 87 87 33	\N	\N	MOSQUEE ESSOMBA
781	Mer. 06 Sept. 2023 à 8h - Jeu. 07 Sept. 2023 à 8h	SAINTE BERNADETTE	691 30 34 90	650 68 49 78	\N	CRADAT
786	Mer. 06 Sept. 2023 à 8h - Jeu. 07 Sept. 2023 à 8h	GOD'S GLORY PHARMACY	242 15 89 55	243 23 05 31	\N	Entrée KOWEIT CITY - ODZA
787	Mer. 06 Sept. 2023 à 8h - Jeu. 07 Sept. 2023 à 8h	BETHEL PHARMACY	222 30 07 41	\N	\N	EKIE _ BOULANGERIE MERLOT
793	Mar. 05 Sept. 2023 à 8h - Mer. 06 Sept. 2023 à 8h	MVOG ATANGANA MBALLA	222 30 67 85	\N	\N	ENTREE M. MVOG-MBI
796	Mar. 05 Sept. 2023 à 8h - Mer. 06 Sept. 2023 à 8h	MELEN 8	222 31 68 63	242 08 31 89	\N	Carrefour BIYEM-ASSI
811	Lun. 04 Sept. 2023 à 8h - Mar. 05 Sept. 2023 à 8h	VOLUNTAS DEI	675 77 46 65	699 97 18 59	\N	BIYEM-ASSI LAC
812	Lun. 04 Sept. 2023 à 8h - Mar. 05 Sept. 2023 à 8h	SAINTE GABRIELLE	692 26 38 93	\N	\N	NYOM 1 - au Pont DJONASSI
805	Lun. 04 Sept. 2023 à 8h - Mar. 05 Sept. 2023 à 8h	CITE QUEBEC	691 43 50 45	\N	\N	TITI GARAGE - A COTE DU QUEBEC
830	Sam. 02 Sept. 2023 à 8h - Lun. 04 Sept. 2023 à 8h	BLEUE PLUS	222 21 14 92	\N	\N	face HOPITAL GENERAL
834	Sam. 02 Sept. 2023 à 8h - Lun. 04 Sept. 2023 à 8h	SAINTE URIEL	693 74 14 05	652 73 22 65	\N	DERNIER POTEAU _ EKIE
863	Jeu. 31 Août. 2023 à 8h - Ven. 01 Sept. 2023 à 8h	GOD'S GLORY PHARMACY	242 15 89 55	243 23 05 31	\N	Entrée KOWEIT CITY - ODZA
870	Mer. 30 Août. 2023 à 8h - Jeu. 31 Août. 2023 à 8h	NSAM EFOULAN	242 19 40 81	222 31 98 59	\N	Carrefour NSAM
738	Sam. 09 Sept. 2023 à 8h - Lun. 11 Sept. 2023 à 8h	EMANA	222 21 42 94	\N	\N	à côté du Supermarché Noblesse - EMANA
777	Mer. 06 Sept. 2023 à 8h - Jeu. 07 Sept. 2023 à 8h	ELIG-EDZOA 	677 71 81 27	\N	\N	face CASSE ELIG EDZOA
790	Mar. 05 Sept. 2023 à 8h - Mer. 06 Sept. 2023 à 8h	FLECHE	696 29 28 89	678 30 77 04	\N	MIMBOMAN TERMINUS
855	Jeu. 31 Août. 2023 à 8h - Ven. 01 Sept. 2023 à 8h	AHALA 	690 80 93 02	682 93 60 72	\N	Barrière AHALA
1228	Mar. 01 Août. 2023 à 8h - Mer. 02 Août. 2023 à 8h	BETHEL PHARMACY	222 30 07 41	\N	\N	EKIE _ BOULANGERIE MERLOT
1235	Lun. 31 Juil. 2023 à 8h - Mar. 01 Août. 2023 à 8h	OYOM ABANG	699 93 11 81	673 28 49 44	\N	PLACE DU MARCHE
1237	Lun. 31 Juil. 2023 à 8h - Mar. 01 Août. 2023 à 8h	MELEN 8	222 31 68 63	242 08 31 89	\N	Carrefour BIYEM-ASSI
1232	Lun. 31 Juil. 2023 à 8h - Mar. 01 Août. 2023 à 8h	BON BERGER	242 60 67 77	6 99 98 51 68	691 24 86 07	NOUVELLE ROUTE OMNISPORTS - Rue\nFOE
841	Ven. 01 Sept. 2023 à 8h - Sam. 02 Sept. 2023 à 8h	OYOM ABANG	699 93 11 81	673 28 49 44	\N	PLACE DU MARCHE
842	Ven. 01 Sept. 2023 à 8h - Sam. 02 Sept. 2023 à 8h	CARREFOUR EMIA	222 23 42 07	222 23 00 86 /	\N	EMIA
694	Mer. 13 Sept. 2023 à 8h - Jeu. 14 Sept. 2023 à 8h	MANGUIERS	242 06 04 09	694 02 64 61	\N	Rue DES MANGUIERS
838	Ven. 01 Sept. 2023 à 8h - Sam. 02 Sept. 2023 à 8h	BON BERGER	242 60 67 77	6 99 98 51 68	\N	NOUVELLE ROUTE OMNISPORTS - Rue\nFOE
1233	Lun. 31 Juil. 2023 à 8h - Mar. 01 Août. 2023 à 8h	CHAPELLE NGOUSSO	222 21 33 21	\N	\N	CHAPELLE NGOUSSO
774	Mer. 06 Sept. 2023 à 8h - Jeu. 07 Sept. 2023 à 8h	PETALES	222 23 15 97	\N	\N	vers LE CAPITOLE
877	Mer. 30 Août. 2023 à 8h - Jeu. 31 Août. 2023 à 8h	ODZA 	691 86 77 72	\N	\N	Carrefour MBOG-ABANG
822	Sam. 02 Sept. 2023 à 8h - Lun. 04 Sept. 2023 à 8h	REFERENCE	242 04 25 96	652 62 36 72 /	\N	TRANSFORMATEUR NGOUSSO
882	Mar. 29 Août. 2023 à 8h - Mer. 30 Août. 2023 à 8h	ELIG-EDZOA 	677 71 81 27	\N	\N	face CASSE ELIG EDZOA
800	Mar. 05 Sept. 2023 à 8h - Mer. 06 Sept. 2023 à 8h	ODZA  d'	691 86 77 72	\N	\N	Carrefour MBOG-ABANG
695	Mer. 13 Sept. 2023 à 8h - Jeu. 14 Sept. 2023 à 8h	SAINTE ELISABETH de NKOMO	243 15 30 58	\N	\N	Carrefour NKOMO _ face BOULANGERIE
761	Jeu. 07 Sept. 2023 à 8h - Ven. 08 Sept. 2023 à 8h	TSINGA	699 55 01 55	\N	\N	face PMI TSINGA
878	Mer. 30 Août. 2023 à 8h - Jeu. 31 Août. 2023 à 8h	MINKAN	697 24 77 75	673 49 07 17	\N	MINKAN entrée par Carrefour TERMINUS\nODZA
839	Ven. 01 Sept. 2023 à 8h - Sam. 02 Sept. 2023 à 8h	CHAPELLE NGOUSSO	222 21 33 21	\N	\N	CHAPELLE NGOUSSO
1241	Lun. 31 Juil. 2023 à 8h - Mar. 01 Août. 2023 à 8h	ODZA	691 86 77 72	\N	\N	Carrefour MBOG-ABANG
843	Ven. 01 Sept. 2023 à 8h - Sam. 02 Sept. 2023 à 8h	TERANGA	698 83 22 97	\N	\N	à 100m SUPERMARCHE DOVV
1242	Lun. 31 Juil. 2023 à 8h - Mar. 01 Août. 2023 à 8h	MINKAN	697 24 77 75	673 49 07 17	\N	MINKAN entrée par Carrefour TERMINUS\nODZA
1240	Lun. 31 Juil. 2023 à 8h - Mar. 01 Août. 2023 à 8h	SAINTE ELISABETH de NKOMO	243 15 30 58	\N	\N	Carrefour NKOMO _ face BOULANGERIE\nFONTANA
\.


--
-- Data for Name: formulaire_resetlink; Type: TABLE DATA; Schema: public; Owner: postgres
--

COPY public.formulaire_resetlink (id, token, expiration_time, user_id) FROM stdin;
36	bturw3-aedba4141051162db3f9f64fa876317a	2023-09-01 15:50:27.959909+01	20
37	bturye-424bd9b4683726928e2d32f60ac2c15a	2023-09-01 15:51:50.127867+01	20
38	btus1v-f6008dd7813ada53a2b9d1a20bbc573e	2023-09-01 15:53:55.906928+01	20
39	btus9b-87c9a7728fa2e8a98c9679e33a08dcc9	2023-09-01 15:58:23.373886+01	20
40	btut9i-4567d20d81193c86f8145bfaae51546a	2023-09-01 16:20:06.539918+01	20
41	btutrz-b2c2c103bf2c8cbe6d8fd04794d7ed32	2023-09-01 16:31:11.349161+01	20
42	btuwjd-056bb811f719baf539fdcab394d31808	2023-09-01 17:30:49.54985+01	21
43	btuwju-792663e5a72dd55c430822a4d3d1b2b9	2023-09-01 17:31:06.224218+01	20
44	btuwu1-ba483dd8a678985a5e079f947c26b24a	2023-09-01 17:37:13.004984+01	20
45	btux50-1dbd2aa9bc3e2c0235f9035f40f32373	2023-09-01 17:43:48.619646+01	20
46	btux9a-82ed61297be34716ac80807f5755b3ad	2023-09-01 17:46:22.462152+01	21
47	buhyn1-d364c3b5874799cc57eb3a2314575f5e	2023-09-14 05:21:01.464519+01	20
\.


--
-- Data for Name: formulaire_utilisateurr; Type: TABLE DATA; Schema: public; Owner: postgres
--

COPY public.formulaire_utilisateurr (id, last_login, is_superuser, is_staff, is_active, date_joined, nom, prenom, sexe, mail, password, qualification_chercheur, qualification_mentor, pays, username, email, first_name, last_name) FROM stdin;
33	\N	f	f	t	2023-09-24 07:41:31.531336+01	tamen	sorelle	homme	pharma.prjt.yde@gamil.com	pbkdf2_sha256$390000$KbICR09P7z45MLdzh1LieJ$d73cFhPAvWdeezPW7oLmRTMTTka10iSipEcCkpV8BqI=	f	t	belgique				
34	\N	f	f	t	2023-09-24 07:42:43.957532+01	TCHAMI TAMEN 	Wilson	homme	tamensorelle5@gmail.com	pbkdf2_sha256$390000$rU0BCVHrac3jJiBUzeBh8M$UhqMaagP/YtwHId7tLnIYuw+afwY7rEVVdDdr8GY0ek=	f	t	belgique				
21	\N	f	f	t	2023-09-01 16:28:39.424039+01	NGUIMGO	Wilson	homme	wilsonnguimgo@gmail.com	pbkdf2_sha256$390000$VeC7E0eobmroE5KpwySPND$mewP6NotlLPYnTx4JAKfcvGKPPjQ9Xnz17b7ePYmSXk=	f	t	belgique				
20	\N	f	f	t	2023-09-01 14:48:47.747568+01	TCHAMI TAMEN 	Elohim	homme	sorelletamen8@gmail.com	pbkdf2_sha256$390000$teBu21XCQEKYoj42KZ8Qzz$/0IbG1TKTCiYPQqxeNdUSmvAYa65i1xtViQaBVhCV94=	f	t	belgique				
22	\N	f	f	t	2023-09-14 14:22:01.685565+01	nango	junior	homme	juniornango@gmail.com	pbkdf2_sha256$390000$GRl3zKXmbT5eu2BN0Bpu7R$THt+483vyjd3uGhwAQeShzqcH5izIjwBxKBM5HGlVJ8=	f	t	cameroun				
\.


--
-- Data for Name: formulaire_utilisateurr_groups; Type: TABLE DATA; Schema: public; Owner: postgres
--

COPY public.formulaire_utilisateurr_groups (id, formulaire_utilisateurr_id, group_id) FROM stdin;
\.


--
-- Data for Name: formulaire_utilisateurr_user_permissions; Type: TABLE DATA; Schema: public; Owner: postgres
--

COPY public.formulaire_utilisateurr_user_permissions (id, formulaire_utilisateurr_id, permission_id) FROM stdin;
\.


--
-- Name: auth_group_id_seq; Type: SEQUENCE SET; Schema: public; Owner: postgres
--

SELECT pg_catalog.setval('public.auth_group_id_seq', 1, false);


--
-- Name: auth_group_permissions_id_seq; Type: SEQUENCE SET; Schema: public; Owner: postgres
--

SELECT pg_catalog.setval('public.auth_group_permissions_id_seq', 1, false);


--
-- Name: auth_permission_id_seq; Type: SEQUENCE SET; Schema: public; Owner: postgres
--

SELECT pg_catalog.setval('public.auth_permission_id_seq', 36, true);


--
-- Name: auth_user_groups_id_seq; Type: SEQUENCE SET; Schema: public; Owner: postgres
--

SELECT pg_catalog.setval('public.auth_user_groups_id_seq', 1, false);


--
-- Name: auth_user_id_seq; Type: SEQUENCE SET; Schema: public; Owner: postgres
--

SELECT pg_catalog.setval('public.auth_user_id_seq', 1, true);


--
-- Name: auth_user_user_permissions_id_seq; Type: SEQUENCE SET; Schema: public; Owner: postgres
--

SELECT pg_catalog.setval('public.auth_user_user_permissions_id_seq', 1, false);


--
-- Name: django_admin_log_id_seq; Type: SEQUENCE SET; Schema: public; Owner: postgres
--

SELECT pg_catalog.setval('public.django_admin_log_id_seq', 24, true);


--
-- Name: django_content_type_id_seq; Type: SEQUENCE SET; Schema: public; Owner: postgres
--

SELECT pg_catalog.setval('public.django_content_type_id_seq', 9, true);


--
-- Name: django_migrations_id_seq; Type: SEQUENCE SET; Schema: public; Owner: postgres
--

SELECT pg_catalog.setval('public.django_migrations_id_seq', 49, true);


--
-- Name: formulaire_formulaire_utilisateurr_groups_id_seq; Type: SEQUENCE SET; Schema: public; Owner: postgres
--

SELECT pg_catalog.setval('public.formulaire_formulaire_utilisateurr_groups_id_seq', 1, false);


--
-- Name: formulaire_formulaire_utilisateurr_id_seq; Type: SEQUENCE SET; Schema: public; Owner: postgres
--

SELECT pg_catalog.setval('public.formulaire_formulaire_utilisateurr_id_seq', 34, true);


--
-- Name: formulaire_formulaire_utilisateurr_user_permissions_id_seq; Type: SEQUENCE SET; Schema: public; Owner: postgres
--

SELECT pg_catalog.setval('public.formulaire_formulaire_utilisateurr_user_permissions_id_seq', 1, false);


--
-- Name: formulaire_pharmaciedegarde_id_seq; Type: SEQUENCE SET; Schema: public; Owner: postgres
--

SELECT pg_catalog.setval('public.formulaire_pharmaciedegarde_id_seq', 1, false);


--
-- Name: formulaire_resetlink_id_seq; Type: SEQUENCE SET; Schema: public; Owner: postgres
--

SELECT pg_catalog.setval('public.formulaire_resetlink_id_seq', 49, true);


--
-- Name: auth_group auth_group_name_key; Type: CONSTRAINT; Schema: public; Owner: postgres
--

ALTER TABLE ONLY public.auth_group
    ADD CONSTRAINT auth_group_name_key UNIQUE (name);


--
-- Name: auth_group_permissions auth_group_permissions_group_id_permission_id_0cd325b0_uniq; Type: CONSTRAINT; Schema: public; Owner: postgres
--

ALTER TABLE ONLY public.auth_group_permissions
    ADD CONSTRAINT auth_group_permissions_group_id_permission_id_0cd325b0_uniq UNIQUE (group_id, permission_id);


--
-- Name: auth_group_permissions auth_group_permissions_pkey; Type: CONSTRAINT; Schema: public; Owner: postgres
--

ALTER TABLE ONLY public.auth_group_permissions
    ADD CONSTRAINT auth_group_permissions_pkey PRIMARY KEY (id);


--
-- Name: auth_group auth_group_pkey; Type: CONSTRAINT; Schema: public; Owner: postgres
--

ALTER TABLE ONLY public.auth_group
    ADD CONSTRAINT auth_group_pkey PRIMARY KEY (id);


--
-- Name: auth_permission auth_permission_content_type_id_codename_01ab375a_uniq; Type: CONSTRAINT; Schema: public; Owner: postgres
--

ALTER TABLE ONLY public.auth_permission
    ADD CONSTRAINT auth_permission_content_type_id_codename_01ab375a_uniq UNIQUE (content_type_id, codename);


--
-- Name: auth_permission auth_permission_pkey; Type: CONSTRAINT; Schema: public; Owner: postgres
--

ALTER TABLE ONLY public.auth_permission
    ADD CONSTRAINT auth_permission_pkey PRIMARY KEY (id);


--
-- Name: auth_user_groups auth_user_groups_pkey; Type: CONSTRAINT; Schema: public; Owner: postgres
--

ALTER TABLE ONLY public.auth_user_groups
    ADD CONSTRAINT auth_user_groups_pkey PRIMARY KEY (id);


--
-- Name: auth_user_groups auth_user_groups_user_id_group_id_94350c0c_uniq; Type: CONSTRAINT; Schema: public; Owner: postgres
--

ALTER TABLE ONLY public.auth_user_groups
    ADD CONSTRAINT auth_user_groups_user_id_group_id_94350c0c_uniq UNIQUE (user_id, group_id);


--
-- Name: auth_user auth_user_pkey; Type: CONSTRAINT; Schema: public; Owner: postgres
--

ALTER TABLE ONLY public.auth_user
    ADD CONSTRAINT auth_user_pkey PRIMARY KEY (id);


--
-- Name: auth_user_user_permissions auth_user_user_permissions_pkey; Type: CONSTRAINT; Schema: public; Owner: postgres
--

ALTER TABLE ONLY public.auth_user_user_permissions
    ADD CONSTRAINT auth_user_user_permissions_pkey PRIMARY KEY (id);


--
-- Name: auth_user_user_permissions auth_user_user_permissions_user_id_permission_id_14a6b632_uniq; Type: CONSTRAINT; Schema: public; Owner: postgres
--

ALTER TABLE ONLY public.auth_user_user_permissions
    ADD CONSTRAINT auth_user_user_permissions_user_id_permission_id_14a6b632_uniq UNIQUE (user_id, permission_id);


--
-- Name: auth_user auth_user_username_key; Type: CONSTRAINT; Schema: public; Owner: postgres
--

ALTER TABLE ONLY public.auth_user
    ADD CONSTRAINT auth_user_username_key UNIQUE (username);


--
-- Name: django_admin_log django_admin_log_pkey; Type: CONSTRAINT; Schema: public; Owner: postgres
--

ALTER TABLE ONLY public.django_admin_log
    ADD CONSTRAINT django_admin_log_pkey PRIMARY KEY (id);


--
-- Name: django_content_type django_content_type_app_label_model_76bd3d3b_uniq; Type: CONSTRAINT; Schema: public; Owner: postgres
--

ALTER TABLE ONLY public.django_content_type
    ADD CONSTRAINT django_content_type_app_label_model_76bd3d3b_uniq UNIQUE (app_label, model);


--
-- Name: django_content_type django_content_type_pkey; Type: CONSTRAINT; Schema: public; Owner: postgres
--

ALTER TABLE ONLY public.django_content_type
    ADD CONSTRAINT django_content_type_pkey PRIMARY KEY (id);


--
-- Name: django_migrations django_migrations_pkey; Type: CONSTRAINT; Schema: public; Owner: postgres
--

ALTER TABLE ONLY public.django_migrations
    ADD CONSTRAINT django_migrations_pkey PRIMARY KEY (id);


--
-- Name: django_session django_session_pkey; Type: CONSTRAINT; Schema: public; Owner: postgres
--

ALTER TABLE ONLY public.django_session
    ADD CONSTRAINT django_session_pkey PRIMARY KEY (session_key);


--
-- Name: formulaire_utilisateurr_user_permissions formulaire_formulaire_ut_formulaire_utilisateurr__17e17ff5_uniq; Type: CONSTRAINT; Schema: public; Owner: postgres
--

ALTER TABLE ONLY public.formulaire_utilisateurr_user_permissions
    ADD CONSTRAINT formulaire_formulaire_ut_formulaire_utilisateurr__17e17ff5_uniq UNIQUE (formulaire_utilisateurr_id, permission_id);


--
-- Name: formulaire_utilisateurr_groups formulaire_formulaire_ut_formulaire_utilisateurr__e461691d_uniq; Type: CONSTRAINT; Schema: public; Owner: postgres
--

ALTER TABLE ONLY public.formulaire_utilisateurr_groups
    ADD CONSTRAINT formulaire_formulaire_ut_formulaire_utilisateurr__e461691d_uniq UNIQUE (formulaire_utilisateurr_id, group_id);


--
-- Name: formulaire_utilisateurr_groups formulaire_formulaire_utilisateurr_groups_pkey; Type: CONSTRAINT; Schema: public; Owner: postgres
--

ALTER TABLE ONLY public.formulaire_utilisateurr_groups
    ADD CONSTRAINT formulaire_formulaire_utilisateurr_groups_pkey PRIMARY KEY (id);


--
-- Name: formulaire_utilisateurr formulaire_formulaire_utilisateurr_mail_key; Type: CONSTRAINT; Schema: public; Owner: postgres
--

ALTER TABLE ONLY public.formulaire_utilisateurr
    ADD CONSTRAINT formulaire_formulaire_utilisateurr_mail_key UNIQUE (mail);


--
-- Name: formulaire_utilisateurr formulaire_formulaire_utilisateurr_pkey; Type: CONSTRAINT; Schema: public; Owner: postgres
--

ALTER TABLE ONLY public.formulaire_utilisateurr
    ADD CONSTRAINT formulaire_formulaire_utilisateurr_pkey PRIMARY KEY (id);


--
-- Name: formulaire_utilisateurr_user_permissions formulaire_formulaire_utilisateurr_user_permissions_pkey; Type: CONSTRAINT; Schema: public; Owner: postgres
--

ALTER TABLE ONLY public.formulaire_utilisateurr_user_permissions
    ADD CONSTRAINT formulaire_formulaire_utilisateurr_user_permissions_pkey PRIMARY KEY (id);


--
-- Name: formulaire_pharmaciedegarde formulaire_pharmaciedegarde_pkey; Type: CONSTRAINT; Schema: public; Owner: postgres
--

ALTER TABLE ONLY public.formulaire_pharmaciedegarde
    ADD CONSTRAINT formulaire_pharmaciedegarde_pkey PRIMARY KEY (id);


--
-- Name: formulaire_resetlink formulaire_resetlink_pkey; Type: CONSTRAINT; Schema: public; Owner: postgres
--

ALTER TABLE ONLY public.formulaire_resetlink
    ADD CONSTRAINT formulaire_resetlink_pkey PRIMARY KEY (id);


--
-- Name: auth_group_name_a6ea08ec_like; Type: INDEX; Schema: public; Owner: postgres
--

CREATE INDEX auth_group_name_a6ea08ec_like ON public.auth_group USING btree (name varchar_pattern_ops);


--
-- Name: auth_group_permissions_group_id_b120cbf9; Type: INDEX; Schema: public; Owner: postgres
--

CREATE INDEX auth_group_permissions_group_id_b120cbf9 ON public.auth_group_permissions USING btree (group_id);


--
-- Name: auth_group_permissions_permission_id_84c5c92e; Type: INDEX; Schema: public; Owner: postgres
--

CREATE INDEX auth_group_permissions_permission_id_84c5c92e ON public.auth_group_permissions USING btree (permission_id);


--
-- Name: auth_permission_content_type_id_2f476e4b; Type: INDEX; Schema: public; Owner: postgres
--

CREATE INDEX auth_permission_content_type_id_2f476e4b ON public.auth_permission USING btree (content_type_id);


--
-- Name: auth_user_groups_group_id_97559544; Type: INDEX; Schema: public; Owner: postgres
--

CREATE INDEX auth_user_groups_group_id_97559544 ON public.auth_user_groups USING btree (group_id);


--
-- Name: auth_user_groups_user_id_6a12ed8b; Type: INDEX; Schema: public; Owner: postgres
--

CREATE INDEX auth_user_groups_user_id_6a12ed8b ON public.auth_user_groups USING btree (user_id);


--
-- Name: auth_user_user_permissions_permission_id_1fbb5f2c; Type: INDEX; Schema: public; Owner: postgres
--

CREATE INDEX auth_user_user_permissions_permission_id_1fbb5f2c ON public.auth_user_user_permissions USING btree (permission_id);


--
-- Name: auth_user_user_permissions_user_id_a95ead1b; Type: INDEX; Schema: public; Owner: postgres
--

CREATE INDEX auth_user_user_permissions_user_id_a95ead1b ON public.auth_user_user_permissions USING btree (user_id);


--
-- Name: auth_user_username_6821ab7c_like; Type: INDEX; Schema: public; Owner: postgres
--

CREATE INDEX auth_user_username_6821ab7c_like ON public.auth_user USING btree (username varchar_pattern_ops);


--
-- Name: django_admin_log_content_type_id_c4bce8eb; Type: INDEX; Schema: public; Owner: postgres
--

CREATE INDEX django_admin_log_content_type_id_c4bce8eb ON public.django_admin_log USING btree (content_type_id);


--
-- Name: django_admin_log_user_id_c564eba6; Type: INDEX; Schema: public; Owner: postgres
--

CREATE INDEX django_admin_log_user_id_c564eba6 ON public.django_admin_log USING btree (user_id);


--
-- Name: django_session_expire_date_a5c62663; Type: INDEX; Schema: public; Owner: postgres
--

CREATE INDEX django_session_expire_date_a5c62663 ON public.django_session USING btree (expire_date);


--
-- Name: django_session_session_key_c0390e0f_like; Type: INDEX; Schema: public; Owner: postgres
--

CREATE INDEX django_session_session_key_c0390e0f_like ON public.django_session USING btree (session_key varchar_pattern_ops);


--
-- Name: formulaire_formulaire_util_formulaire_utilisateurr_id_30697cd8; Type: INDEX; Schema: public; Owner: postgres
--

CREATE INDEX formulaire_formulaire_util_formulaire_utilisateurr_id_30697cd8 ON public.formulaire_utilisateurr_user_permissions USING btree (formulaire_utilisateurr_id);


--
-- Name: formulaire_formulaire_util_formulaire_utilisateurr_id_e54bab99; Type: INDEX; Schema: public; Owner: postgres
--

CREATE INDEX formulaire_formulaire_util_formulaire_utilisateurr_id_e54bab99 ON public.formulaire_utilisateurr_groups USING btree (formulaire_utilisateurr_id);


--
-- Name: formulaire_formulaire_util_permission_id_6fb76fa2; Type: INDEX; Schema: public; Owner: postgres
--

CREATE INDEX formulaire_formulaire_util_permission_id_6fb76fa2 ON public.formulaire_utilisateurr_user_permissions USING btree (permission_id);


--
-- Name: formulaire_formulaire_utilisateurr_groups_group_id_9fca9fc9; Type: INDEX; Schema: public; Owner: postgres
--

CREATE INDEX formulaire_formulaire_utilisateurr_groups_group_id_9fca9fc9 ON public.formulaire_utilisateurr_groups USING btree (group_id);


--
-- Name: formulaire_formulaire_utilisateurr_mail_a6f02c80_like; Type: INDEX; Schema: public; Owner: postgres
--

CREATE INDEX formulaire_formulaire_utilisateurr_mail_a6f02c80_like ON public.formulaire_utilisateurr USING btree (mail varchar_pattern_ops);


--
-- Name: formulaire_formulaire_utilisateurr_username_26702f6c_like; Type: INDEX; Schema: public; Owner: postgres
--

CREATE INDEX formulaire_formulaire_utilisateurr_username_26702f6c_like ON public.formulaire_utilisateurr USING btree (username varchar_pattern_ops);


--
-- Name: formulaire_resetlink_user_id_b5e6a533; Type: INDEX; Schema: public; Owner: postgres
--

CREATE INDEX formulaire_resetlink_user_id_b5e6a533 ON public.formulaire_resetlink USING btree (user_id);


--
-- Name: auth_group_permissions auth_group_permissio_permission_id_84c5c92e_fk_auth_perm; Type: FK CONSTRAINT; Schema: public; Owner: postgres
--

ALTER TABLE ONLY public.auth_group_permissions
    ADD CONSTRAINT auth_group_permissio_permission_id_84c5c92e_fk_auth_perm FOREIGN KEY (permission_id) REFERENCES public.auth_permission(id) DEFERRABLE INITIALLY DEFERRED;


--
-- Name: auth_group_permissions auth_group_permissions_group_id_b120cbf9_fk_auth_group_id; Type: FK CONSTRAINT; Schema: public; Owner: postgres
--

ALTER TABLE ONLY public.auth_group_permissions
    ADD CONSTRAINT auth_group_permissions_group_id_b120cbf9_fk_auth_group_id FOREIGN KEY (group_id) REFERENCES public.auth_group(id) DEFERRABLE INITIALLY DEFERRED;


--
-- Name: auth_permission auth_permission_content_type_id_2f476e4b_fk_django_co; Type: FK CONSTRAINT; Schema: public; Owner: postgres
--

ALTER TABLE ONLY public.auth_permission
    ADD CONSTRAINT auth_permission_content_type_id_2f476e4b_fk_django_co FOREIGN KEY (content_type_id) REFERENCES public.django_content_type(id) DEFERRABLE INITIALLY DEFERRED;


--
-- Name: auth_user_groups auth_user_groups_group_id_97559544_fk_auth_group_id; Type: FK CONSTRAINT; Schema: public; Owner: postgres
--

ALTER TABLE ONLY public.auth_user_groups
    ADD CONSTRAINT auth_user_groups_group_id_97559544_fk_auth_group_id FOREIGN KEY (group_id) REFERENCES public.auth_group(id) DEFERRABLE INITIALLY DEFERRED;


--
-- Name: auth_user_groups auth_user_groups_user_id_6a12ed8b_fk_auth_user_id; Type: FK CONSTRAINT; Schema: public; Owner: postgres
--

ALTER TABLE ONLY public.auth_user_groups
    ADD CONSTRAINT auth_user_groups_user_id_6a12ed8b_fk_auth_user_id FOREIGN KEY (user_id) REFERENCES public.auth_user(id) DEFERRABLE INITIALLY DEFERRED;


--
-- Name: auth_user_user_permissions auth_user_user_permi_permission_id_1fbb5f2c_fk_auth_perm; Type: FK CONSTRAINT; Schema: public; Owner: postgres
--

ALTER TABLE ONLY public.auth_user_user_permissions
    ADD CONSTRAINT auth_user_user_permi_permission_id_1fbb5f2c_fk_auth_perm FOREIGN KEY (permission_id) REFERENCES public.auth_permission(id) DEFERRABLE INITIALLY DEFERRED;


--
-- Name: auth_user_user_permissions auth_user_user_permissions_user_id_a95ead1b_fk_auth_user_id; Type: FK CONSTRAINT; Schema: public; Owner: postgres
--

ALTER TABLE ONLY public.auth_user_user_permissions
    ADD CONSTRAINT auth_user_user_permissions_user_id_a95ead1b_fk_auth_user_id FOREIGN KEY (user_id) REFERENCES public.auth_user(id) DEFERRABLE INITIALLY DEFERRED;


--
-- Name: django_admin_log django_admin_log_content_type_id_c4bce8eb_fk_django_co; Type: FK CONSTRAINT; Schema: public; Owner: postgres
--

ALTER TABLE ONLY public.django_admin_log
    ADD CONSTRAINT django_admin_log_content_type_id_c4bce8eb_fk_django_co FOREIGN KEY (content_type_id) REFERENCES public.django_content_type(id) DEFERRABLE INITIALLY DEFERRED;


--
-- Name: django_admin_log django_admin_log_user_id_c564eba6_fk_auth_user_id; Type: FK CONSTRAINT; Schema: public; Owner: postgres
--

ALTER TABLE ONLY public.django_admin_log
    ADD CONSTRAINT django_admin_log_user_id_c564eba6_fk_auth_user_id FOREIGN KEY (user_id) REFERENCES public.auth_user(id) DEFERRABLE INITIALLY DEFERRED;


--
-- Name: formulaire_utilisateurr_user_permissions formulaire_formulair_formulaire_utilisate_30697cd8_fk_formulair; Type: FK CONSTRAINT; Schema: public; Owner: postgres
--

ALTER TABLE ONLY public.formulaire_utilisateurr_user_permissions
    ADD CONSTRAINT formulaire_formulair_formulaire_utilisate_30697cd8_fk_formulair FOREIGN KEY (formulaire_utilisateurr_id) REFERENCES public.formulaire_utilisateurr(id) DEFERRABLE INITIALLY DEFERRED;


--
-- Name: formulaire_utilisateurr_groups formulaire_formulair_formulaire_utilisate_e54bab99_fk_formulair; Type: FK CONSTRAINT; Schema: public; Owner: postgres
--

ALTER TABLE ONLY public.formulaire_utilisateurr_groups
    ADD CONSTRAINT formulaire_formulair_formulaire_utilisate_e54bab99_fk_formulair FOREIGN KEY (formulaire_utilisateurr_id) REFERENCES public.formulaire_utilisateurr(id) DEFERRABLE INITIALLY DEFERRED;


--
-- Name: formulaire_utilisateurr_groups formulaire_formulair_group_id_9fca9fc9_fk_auth_grou; Type: FK CONSTRAINT; Schema: public; Owner: postgres
--

ALTER TABLE ONLY public.formulaire_utilisateurr_groups
    ADD CONSTRAINT formulaire_formulair_group_id_9fca9fc9_fk_auth_grou FOREIGN KEY (group_id) REFERENCES public.auth_group(id) DEFERRABLE INITIALLY DEFERRED;


--
-- Name: formulaire_utilisateurr_user_permissions formulaire_formulair_permission_id_6fb76fa2_fk_auth_perm; Type: FK CONSTRAINT; Schema: public; Owner: postgres
--

ALTER TABLE ONLY public.formulaire_utilisateurr_user_permissions
    ADD CONSTRAINT formulaire_formulair_permission_id_6fb76fa2_fk_auth_perm FOREIGN KEY (permission_id) REFERENCES public.auth_permission(id) DEFERRABLE INITIALLY DEFERRED;


--
-- Name: formulaire_resetlink formulaire_resetlink_user_id_b5e6a533_fk_formulair; Type: FK CONSTRAINT; Schema: public; Owner: postgres
--

ALTER TABLE ONLY public.formulaire_resetlink
    ADD CONSTRAINT formulaire_resetlink_user_id_b5e6a533_fk_formulair FOREIGN KEY (user_id) REFERENCES public.formulaire_utilisateurr(id) DEFERRABLE INITIALLY DEFERRED;


--
-- PostgreSQL database dump complete
--

